
INSERT INTO `Addresses` (`id`, `address`, `ward`, `district`, `city`) VALUES (1, '16946 Shawna Wall', 'SouthCarolina', 'side', 'Lake Perry');
INSERT INTO `Addresses` (`id`, `address`, `ward`, `district`, `city`) VALUES (2, '56591 Moen Lodge Suite 468', 'Nebraska', 'berg', 'Traceyville');
INSERT INTO `Addresses` (`id`, `address`, `ward`, `district`, `city`) VALUES (3, '257 Josue Falls', 'Maryland', 'land', 'East Carlie');
INSERT INTO `Addresses` (`id`, `address`, `ward`, `district`, `city`) VALUES (4, '42200 Nicola Gateway Apt. 847', 'NewJersey', 'view', 'Kiehnburgh');
INSERT INTO `Addresses` (`id`, `address`, `ward`, `district`, `city`) VALUES (5, '7103 Bailee Groves Suite 313', 'Indiana', 'chester', 'O\'Connerview');
INSERT INTO `Addresses` (`id`, `address`, `ward`, `district`, `city`) VALUES (6, '901 Lilian Union Apt. 985', 'District of Columbia', 'side', 'Agustinfort');
INSERT INTO `Addresses` (`id`, `address`, `ward`, `district`, `city`) VALUES (7, '82868 Kuhlman Cliff', 'Alabama', 'stad', 'Ricohaven');
INSERT INTO `Addresses` (`id`, `address`, `ward`, `district`, `city`) VALUES (8, '47435 Goodwin Crest Suite 984', 'Oregon', 'burgh', 'Gulgowskiport');
INSERT INTO `Addresses` (`id`, `address`, `ward`, `district`, `city`) VALUES (9, '20208 Annalise Brook', 'Arizona', 'mouth', 'East Augustus');
INSERT INTO `Addresses` (`id`, `address`, `ward`, `district`, `city`) VALUES (10, '93865 Prohaska Port', 'Ohio', 'stad', 'New Nelson');
INSERT INTO `Addresses` (`id`, `address`, `ward`, `district`, `city`) VALUES (11, '18831 O\'Reilly Lock Apt. 269', 'Pennsylvania', 'port', 'North Dorthybury');
INSERT INTO `Addresses` (`id`, `address`, `ward`, `district`, `city`) VALUES (12, '311 Lee Camp Apt. 179', 'WestVirginia', 'town', 'Napoleonview');
INSERT INTO `Addresses` (`id`, `address`, `ward`, `district`, `city`) VALUES (13, '7746 Alexandria Estates', 'NorthCarolina', 'chester', 'East Jedburgh');
INSERT INTO `Addresses` (`id`, `address`, `ward`, `district`, `city`) VALUES (14, '431 Morissette Courts Suite 389', 'Kansas', 'land', 'Agustinview');
INSERT INTO `Addresses` (`id`, `address`, `ward`, `district`, `city`) VALUES (15, '820 Hettinger Street', 'NewMexico', 'port', 'Skyeberg');
INSERT INTO `Addresses` (`id`, `address`, `ward`, `district`, `city`) VALUES (16, '8491 Aurelia Canyon Apt. 124', 'Kansas', 'chester', 'Port Pansymouth');
INSERT INTO `Addresses` (`id`, `address`, `ward`, `district`, `city`) VALUES (17, '25840 Lowe Tunnel Apt. 030', 'Louisiana', 'ton', 'Paucekland');
INSERT INTO `Addresses` (`id`, `address`, `ward`, `district`, `city`) VALUES (18, '7912 Keira Plains Suite 439', 'Idaho', 'view', 'Laurianeport');
INSERT INTO `Addresses` (`id`, `address`, `ward`, `district`, `city`) VALUES (19, '6137 Walter Crossing Suite 933', 'SouthDakota', 'shire', 'Americotown');
INSERT INTO `Addresses` (`id`, `address`, `ward`, `district`, `city`) VALUES (20, '54178 Thaddeus Plain', 'Illinois', 'chester', 'Port Aditya');
INSERT INTO `Addresses` (`id`, `address`, `ward`, `district`, `city`) VALUES (21, '28894 Fisher Flat Apt. 679', 'Pennsylvania', 'land', 'Wymanton');
INSERT INTO `Addresses` (`id`, `address`, `ward`, `district`, `city`) VALUES (22, '76166 Harmon Landing Apt. 328', 'Minnesota', 'bury', 'Eichmannchester');
INSERT INTO `Addresses` (`id`, `address`, `ward`, `district`, `city`) VALUES (23, '79016 Hertha Mission', 'Louisiana', 'ville', 'Khalidville');
INSERT INTO `Addresses` (`id`, `address`, `ward`, `district`, `city`) VALUES (24, '978 Mitchell Junction', 'Ohio', 'mouth', 'Kautzerberg');
INSERT INTO `Addresses` (`id`, `address`, `ward`, `district`, `city`) VALUES (25, '53329 Kuhic Glens Suite 088', 'Minnesota', 'bury', 'New Fredastad');
INSERT INTO `Addresses` (`id`, `address`, `ward`, `district`, `city`) VALUES (26, '9523 Kory Avenue', 'WestVirginia', 'mouth', 'Muellertown');
INSERT INTO `Addresses` (`id`, `address`, `ward`, `district`, `city`) VALUES (27, '8246 Kuhlman Center', 'Maine', 'mouth', 'Lake Haylieport');
INSERT INTO `Addresses` (`id`, `address`, `ward`, `district`, `city`) VALUES (28, '12768 Ondricka Pike Apt. 074', 'Washington', 'haven', 'South Laurine');
INSERT INTO `Addresses` (`id`, `address`, `ward`, `district`, `city`) VALUES (29, '76239 Stamm Extension', 'District of Columbia', 'shire', 'North Zelma');
INSERT INTO `Addresses` (`id`, `address`, `ward`, `district`, `city`) VALUES (30, '628 Dandre Road Suite 053', 'Iowa', 'stad', 'Lake Lylastad');
INSERT INTO `Addresses` (`id`, `address`, `ward`, `district`, `city`) VALUES (31, '2838 Alize Flats Apt. 837', 'RhodeIsland', 'bury', 'Schuliststad');
INSERT INTO `Addresses` (`id`, `address`, `ward`, `district`, `city`) VALUES (32, '0069 Cartwright Ridge Suite 430', 'NewYork', 'mouth', 'North Everardo');
INSERT INTO `Addresses` (`id`, `address`, `ward`, `district`, `city`) VALUES (33, '591 Stanton Estates', 'Hawaii', 'side', 'Gulgowskifurt');
INSERT INTO `Addresses` (`id`, `address`, `ward`, `district`, `city`) VALUES (34, '1730 Swaniawski Common Suite 318', 'RhodeIsland', 'bury', 'New Connie');
INSERT INTO `Addresses` (`id`, `address`, `ward`, `district`, `city`) VALUES (35, '11006 Rohan Street Suite 064', 'California', 'borough', 'South Joany');
INSERT INTO `Addresses` (`id`, `address`, `ward`, `district`, `city`) VALUES (36, '29332 Rau Lane Apt. 656', 'NorthDakota', 'ton', 'Port Lennyberg');
INSERT INTO `Addresses` (`id`, `address`, `ward`, `district`, `city`) VALUES (37, '405 Rosetta Islands', 'Maryland', 'mouth', 'North Sammychester');
INSERT INTO `Addresses` (`id`, `address`, `ward`, `district`, `city`) VALUES (38, '258 Delores Islands Suite 017', 'Vermont', 'mouth', 'Emmettside');
INSERT INTO `Addresses` (`id`, `address`, `ward`, `district`, `city`) VALUES (39, '017 Fanny Stravenue', 'Arkansas', 'stad', 'New Sean');
INSERT INTO `Addresses` (`id`, `address`, `ward`, `district`, `city`) VALUES (40, '02706 Llewellyn Brook', 'Oregon', 'port', 'Swaniawskiborough');
INSERT INTO `Addresses` (`id`, `address`, `ward`, `district`, `city`) VALUES (41, '7415 Natalia Highway Suite 418', 'Alaska', 'ville', 'West Watson');
INSERT INTO `Addresses` (`id`, `address`, `ward`, `district`, `city`) VALUES (42, '9852 Bradly Mountain', 'California', 'berg', 'Jacyntheburgh');
INSERT INTO `Addresses` (`id`, `address`, `ward`, `district`, `city`) VALUES (43, '484 Emmerich Summit Apt. 503', 'Georgia', 'ton', 'Lake Anais');
INSERT INTO `Addresses` (`id`, `address`, `ward`, `district`, `city`) VALUES (44, '826 Ardella Coves Suite 395', 'Delaware', 'land', 'Westmouth');
INSERT INTO `Addresses` (`id`, `address`, `ward`, `district`, `city`) VALUES (45, '092 Cummerata Dam Apt. 615', 'Tennessee', 'bury', 'Savionside');
INSERT INTO `Addresses` (`id`, `address`, `ward`, `district`, `city`) VALUES (46, '4525 Shane Road Apt. 190', 'NewHampshire', 'land', 'Lake Vincenzatown');
INSERT INTO `Addresses` (`id`, `address`, `ward`, `district`, `city`) VALUES (47, '71479 Rippin Divide', 'Idaho', 'shire', 'Caryborough');
INSERT INTO `Addresses` (`id`, `address`, `ward`, `district`, `city`) VALUES (48, '7549 Abdul Plaza Apt. 576', 'Mississippi', 'burgh', 'East Davinfurt');
INSERT INTO `Addresses` (`id`, `address`, `ward`, `district`, `city`) VALUES (49, '61491 Lang Place', 'Kentucky', 'chester', 'West Camilleland');
INSERT INTO `Addresses` (`id`, `address`, `ward`, `district`, `city`) VALUES (50, '1579 Andreane Trail Apt. 134', 'Wisconsin', 'fort', 'South Zachariahview');
INSERT INTO `Addresses` (`id`, `address`, `ward`, `district`, `city`) VALUES (51, '29061 Francesca Walk', 'Vermont', 'land', 'Port Gunnar');
INSERT INTO `Addresses` (`id`, `address`, `ward`, `district`, `city`) VALUES (52, '9897 Alexis Square', 'Colorado', 'stad', 'Strackemouth');
INSERT INTO `Addresses` (`id`, `address`, `ward`, `district`, `city`) VALUES (53, '069 Schmitt Landing Apt. 216', 'NorthCarolina', 'burgh', 'Port Elizafort');
INSERT INTO `Addresses` (`id`, `address`, `ward`, `district`, `city`) VALUES (54, '44374 Carole Underpass Apt. 682', 'Kansas', 'borough', 'Douglasville');
INSERT INTO `Addresses` (`id`, `address`, `ward`, `district`, `city`) VALUES (55, '3950 Domenic Course Suite 998', 'Massachusetts', 'view', 'South Cielomouth');
INSERT INTO `Addresses` (`id`, `address`, `ward`, `district`, `city`) VALUES (56, '87883 Kutch Summit Apt. 639', 'Louisiana', 'haven', 'South Carolanneborough');
INSERT INTO `Addresses` (`id`, `address`, `ward`, `district`, `city`) VALUES (57, '523 Aletha Key Apt. 520', 'NewHampshire', 'fort', 'East Guiseppeborough');
INSERT INTO `Addresses` (`id`, `address`, `ward`, `district`, `city`) VALUES (58, '98779 Shaniya Port', 'Minnesota', 'furt', 'West Lacy');
INSERT INTO `Addresses` (`id`, `address`, `ward`, `district`, `city`) VALUES (59, '599 Jaydon Ways Suite 375', 'Tennessee', 'fort', 'Catharineton');
INSERT INTO `Addresses` (`id`, `address`, `ward`, `district`, `city`) VALUES (60, '9864 Kuhic Lane Suite 237', 'Montana', 'mouth', 'Tomasborough');
INSERT INTO `Addresses` (`id`, `address`, `ward`, `district`, `city`) VALUES (61, '04861 Goodwin Branch', 'Idaho', 'fort', 'Port Jaylenmouth');
INSERT INTO `Addresses` (`id`, `address`, `ward`, `district`, `city`) VALUES (62, '396 Kshlerin Mountains', 'Maine', 'fort', 'North Makenzie');
INSERT INTO `Addresses` (`id`, `address`, `ward`, `district`, `city`) VALUES (63, '005 Bosco Stream Suite 182', 'Louisiana', 'shire', 'East Emanuelview');
INSERT INTO `Addresses` (`id`, `address`, `ward`, `district`, `city`) VALUES (64, '4912 Merritt Plaza', 'Georgia', 'ton', 'Itzelside');
INSERT INTO `Addresses` (`id`, `address`, `ward`, `district`, `city`) VALUES (65, '9876 Kling Fords Apt. 010', 'Wisconsin', 'berg', 'North Harrison');
INSERT INTO `Addresses` (`id`, `address`, `ward`, `district`, `city`) VALUES (66, '4655 Raleigh Lock Suite 708', 'Maryland', 'port', 'Adamouth');
INSERT INTO `Addresses` (`id`, `address`, `ward`, `district`, `city`) VALUES (67, '99255 Lebsack Centers', 'Texas', 'ton', 'Kingfort');
INSERT INTO `Addresses` (`id`, `address`, `ward`, `district`, `city`) VALUES (68, '60762 Shany Pine Suite 180', 'Louisiana', 'bury', 'Rubieshire');
INSERT INTO `Addresses` (`id`, `address`, `ward`, `district`, `city`) VALUES (69, '5267 Ethan Path', 'NewMexico', 'burgh', 'Karafurt');
INSERT INTO `Addresses` (`id`, `address`, `ward`, `district`, `city`) VALUES (70, '8229 Daniel Spring', 'Washington', 'town', 'North Tamaraside');
INSERT INTO `Addresses` (`id`, `address`, `ward`, `district`, `city`) VALUES (71, '9792 Ebert Wall Suite 729', 'Wyoming', 'ville', 'Lake Ivah');
INSERT INTO `Addresses` (`id`, `address`, `ward`, `district`, `city`) VALUES (72, '90942 Malika Plains Apt. 861', 'Montana', 'port', 'Ignatiuston');
INSERT INTO `Addresses` (`id`, `address`, `ward`, `district`, `city`) VALUES (73, '5829 Kshlerin Glens', 'Oklahoma', 'mouth', 'Sawaynbury');
INSERT INTO `Addresses` (`id`, `address`, `ward`, `district`, `city`) VALUES (74, '944 Maegan Island', 'NewYork', 'chester', 'Christaville');
INSERT INTO `Addresses` (`id`, `address`, `ward`, `district`, `city`) VALUES (75, '31152 Helen Spur', 'Maryland', 'burgh', 'West Charityview');
INSERT INTO `Addresses` (`id`, `address`, `ward`, `district`, `city`) VALUES (76, '2580 Enrique Springs Apt. 511', 'NorthDakota', 'mouth', 'Mannland');
INSERT INTO `Addresses` (`id`, `address`, `ward`, `district`, `city`) VALUES (77, '7926 Emmerich Freeway', 'Louisiana', 'berg', 'Willland');
INSERT INTO `Addresses` (`id`, `address`, `ward`, `district`, `city`) VALUES (78, '12498 Grady Light Suite 209', 'Delaware', 'ville', 'Lake Ophelialand');
INSERT INTO `Addresses` (`id`, `address`, `ward`, `district`, `city`) VALUES (79, '192 Sim Path', 'Wisconsin', 'fort', 'Lake Natalia');
INSERT INTO `Addresses` (`id`, `address`, `ward`, `district`, `city`) VALUES (80, '5458 Becker Cliffs Suite 010', 'NewJersey', 'burgh', 'West Domingoberg');
INSERT INTO `Addresses` (`id`, `address`, `ward`, `district`, `city`) VALUES (81, '2480 Pete Mountains', 'Pennsylvania', 'stad', 'Port Elizafurt');
INSERT INTO `Addresses` (`id`, `address`, `ward`, `district`, `city`) VALUES (82, '19801 Leonie Inlet', 'NewHampshire', 'town', 'McGlynnside');
INSERT INTO `Addresses` (`id`, `address`, `ward`, `district`, `city`) VALUES (83, '419 Maymie Place Suite 650', 'NewHampshire', 'ville', 'Sonyaside');
INSERT INTO `Addresses` (`id`, `address`, `ward`, `district`, `city`) VALUES (84, '204 Mandy Unions', 'Pennsylvania', 'land', 'West Dollytown');
INSERT INTO `Addresses` (`id`, `address`, `ward`, `district`, `city`) VALUES (85, '3697 Spencer Locks Suite 653', 'Arkansas', 'side', 'North Garrick');
INSERT INTO `Addresses` (`id`, `address`, `ward`, `district`, `city`) VALUES (86, '58503 Balistreri Lodge Apt. 704', 'Arizona', 'shire', 'East Meredithmouth');
INSERT INTO `Addresses` (`id`, `address`, `ward`, `district`, `city`) VALUES (87, '61334 Brennon Ports', 'Washington', 'ville', 'New Catherine');
INSERT INTO `Addresses` (`id`, `address`, `ward`, `district`, `city`) VALUES (88, '51863 Adams Summit Apt. 150', 'Kentucky', 'bury', 'South Lauryn');
INSERT INTO `Addresses` (`id`, `address`, `ward`, `district`, `city`) VALUES (89, '39054 Domenico Rapids Apt. 347', 'NorthDakota', 'bury', 'Reecemouth');
INSERT INTO `Addresses` (`id`, `address`, `ward`, `district`, `city`) VALUES (90, '174 Liana Stream Suite 191', 'Ohio', 'ville', 'Emilymouth');
INSERT INTO `Addresses` (`id`, `address`, `ward`, `district`, `city`) VALUES (91, '45383 Shanahan Locks', 'Georgia', 'stad', 'VonRuedentown');
INSERT INTO `Addresses` (`id`, `address`, `ward`, `district`, `city`) VALUES (92, '76745 Lillie Branch Apt. 865', 'Vermont', 'furt', 'South Jessika');
INSERT INTO `Addresses` (`id`, `address`, `ward`, `district`, `city`) VALUES (93, '51769 Satterfield Cliff', 'Maine', 'ville', 'South Dariana');
INSERT INTO `Addresses` (`id`, `address`, `ward`, `district`, `city`) VALUES (94, '9179 D\'angelo Village', 'Virginia', 'mouth', 'New Kayli');
INSERT INTO `Addresses` (`id`, `address`, `ward`, `district`, `city`) VALUES (95, '980 Dare Knoll Apt. 089', 'Louisiana', 'shire', 'Alfonzostad');
INSERT INTO `Addresses` (`id`, `address`, `ward`, `district`, `city`) VALUES (96, '853 Effie Roads', 'Oklahoma', 'furt', 'Gaylordton');
INSERT INTO `Addresses` (`id`, `address`, `ward`, `district`, `city`) VALUES (97, '68078 Krajcik Radial Suite 069', 'Montana', 'port', 'New Ilene');
INSERT INTO `Addresses` (`id`, `address`, `ward`, `district`, `city`) VALUES (98, '7472 Schmidt Stravenue', 'Wisconsin', 'bury', 'Bashirianchester');
INSERT INTO `Addresses` (`id`, `address`, `ward`, `district`, `city`) VALUES (99, '850 Beatty Forks Suite 089', 'NewJersey', 'town', 'North Melyssamouth');
INSERT INTO `Addresses` (`id`, `address`, `ward`, `district`, `city`) VALUES (100, '6137 Stroman Fords Suite 927', 'Massachusetts', 'bury', 'South Alvenabury');



INSERT INTO `Companies` (`id`, `name`, `description`, `size`, `contact_info`, `address_id`, `owner_id`) VALUES (1, 'sit', 'Eum error ad omnis doloremque magnam quia libero. Consequatur dignissimos quae nobis consequatur dolorem quis ratione. Fugiat accusamus et laborum ea autem laboriosam illo. Expedita saepe deleniti amet consectetur dignissimos quod adipisci eveniet.', 365160, 814, 1, 1);
INSERT INTO `Companies` (`id`, `name`, `description`, `size`, `contact_info`, `address_id`, `owner_id`) VALUES (2, 'et', 'Nam vel sint sit sunt fugiat. Cupiditate veritatis provident similique aut. Sunt officiis aut ab voluptatem. Et aut soluta expedita magnam animi illum.', 0, 747, 2, 2);
INSERT INTO `Companies` (`id`, `name`, `description`, `size`, `contact_info`, `address_id`, `owner_id`) VALUES (3, 'reprehenderit', 'Ut eum minima et qui nemo inventore. Dignissimos quis accusamus quia aliquid ipsam commodi occaecati. Ex ea aliquam consectetur ex et voluptatem consequuntur consectetur.', 47369, 655, 3, 3);
INSERT INTO `Companies` (`id`, `name`, `description`, `size`, `contact_info`, `address_id`, `owner_id`) VALUES (4, 'quos', 'A nobis nemo maxime et similique expedita. Perferendis eligendi rerum facilis sit deserunt ipsum nobis debitis. Sunt culpa sunt ut.', 43993, 0, 4, 4);
INSERT INTO `Companies` (`id`, `name`, `description`, `size`, `contact_info`, `address_id`, `owner_id`) VALUES (5, 'aut', 'Ipsum quos accusantium cupiditate suscipit. Ab iusto officiis sequi qui totam voluptatibus consectetur quasi. Aut nemo quas velit debitis maiores rerum illum.', 1619745, 1, 5, 5);
INSERT INTO `Companies` (`id`, `name`, `description`, `size`, `contact_info`, `address_id`, `owner_id`) VALUES (6, 'et', 'Nostrum vel ut quam delectus et totam. Et a aut dolor voluptatum quae placeat ipsam consequatur.', 83198, 274913, 6, 6);
INSERT INTO `Companies` (`id`, `name`, `description`, `size`, `contact_info`, `address_id`, `owner_id`) VALUES (7, 'et', 'Enim pariatur adipisci quod. Exercitationem quas iusto ad harum. Quasi ad quis error laboriosam eligendi numquam enim.', 99930259, 424, 7, 7);
INSERT INTO `Companies` (`id`, `name`, `description`, `size`, `contact_info`, `address_id`, `owner_id`) VALUES (8, 'et', 'Ut et odio dignissimos distinctio. Ad quo placeat sit ab. Animi voluptas nam totam sunt excepturi.', 646392536, 0, 8, 8);
INSERT INTO `Companies` (`id`, `name`, `description`, `size`, `contact_info`, `address_id`, `owner_id`) VALUES (9, 'ad', 'Sequi et dolores numquam nisi. Qui qui sapiente ipsam occaecati. Nisi laborum libero unde facere voluptatem adipisci est. Sint nihil sequi ab accusamus eum velit ut. Possimus officia ipsa dolorum.', 11489, 252755, 9, 9);
INSERT INTO `Companies` (`id`, `name`, `description`, `size`, `contact_info`, `address_id`, `owner_id`) VALUES (10, 'et', 'Ratione repellat dolor qui et unde nesciunt. Et reprehenderit voluptatem eaque distinctio dolor vel. Sed voluptas aut rerum repudiandae assumenda.', 79274, 0, 10, 10);
INSERT INTO `Companies` (`id`, `name`, `description`, `size`, `contact_info`, `address_id`, `owner_id`) VALUES (11, 'et', 'Sed consequuntur ad distinctio possimus natus cumque assumenda. Libero aliquam explicabo sit ab laboriosam minima minima. Aut molestias neque qui ut omnis. Qui doloremque hic possimus officiis deserunt accusantium commodi ab.', 7, 0, 11, 11);
INSERT INTO `Companies` (`id`, `name`, `description`, `size`, `contact_info`, `address_id`, `owner_id`) VALUES (12, 'totam', 'Est ipsam dignissimos alias saepe vero. Nulla consequatur dolorem dolor nobis ut. Et qui ipsam cumque est ut. Quia dignissimos hic explicabo voluptas eum sed ullam.', 88989833, 0, 12, 12);
INSERT INTO `Companies` (`id`, `name`, `description`, `size`, `contact_info`, `address_id`, `owner_id`) VALUES (13, 'est', 'Velit et aperiam nostrum qui adipisci. Nostrum quasi dolor a quae quo. Voluptatem expedita veniam similique fugit repellat itaque ut suscipit. Rerum veritatis consectetur iure aliquam qui dolor.', 96, 201993, 13, 13);
INSERT INTO `Companies` (`id`, `name`, `description`, `size`, `contact_info`, `address_id`, `owner_id`) VALUES (14, 'ab', 'Voluptates qui iusto natus voluptatibus et. Officia dolores deleniti labore at beatae non nobis dicta. Earum quidem quos ut ea corporis. Sit dolores ut maxime itaque itaque nostrum. Et enim explicabo voluptatem cumque delectus assumenda.', 0, 433699, 14, 14);
INSERT INTO `Companies` (`id`, `name`, `description`, `size`, `contact_info`, `address_id`, `owner_id`) VALUES (15, 'architecto', 'Voluptatem voluptatem error id aut quis. Enim totam dignissimos soluta est. Sed consequatur perspiciatis eveniet eos aut. Dolore sit aspernatur sit sit saepe.', 76159834, 23896, 15, 15);
INSERT INTO `Companies` (`id`, `name`, `description`, `size`, `contact_info`, `address_id`, `owner_id`) VALUES (16, 'ex', 'Velit consequatur in voluptates commodi beatae eos. Molestiae aspernatur in vero libero. Ut rem nemo vitae rerum molestias et.', 632302447, 99, 16, 16);
INSERT INTO `Companies` (`id`, `name`, `description`, `size`, `contact_info`, `address_id`, `owner_id`) VALUES (17, 'dicta', 'Nulla iusto aliquid ex animi. Sed deserunt optio et. Nulla et libero sunt eum aut consequuntur.', 51, 384, 17, 17);
INSERT INTO `Companies` (`id`, `name`, `description`, `size`, `contact_info`, `address_id`, `owner_id`) VALUES (18, 'perferendis', 'Quis omnis voluptas perferendis consequatur velit et qui. Sit officiis a ab.', 62404, 753, 18, 18);
INSERT INTO `Companies` (`id`, `name`, `description`, `size`, `contact_info`, `address_id`, `owner_id`) VALUES (19, 'earum', 'Excepturi officiis enim vel nihil ex et qui. Error ea asperiores quidem vero. Rem cumque ut et sint consequatur ut. Hic eum atque et in nisi architecto laborum hic.', 191493, 48, 19, 19);
INSERT INTO `Companies` (`id`, `name`, `description`, `size`, `contact_info`, `address_id`, `owner_id`) VALUES (20, 'sint', 'Dolorem ad libero voluptas corporis. Qui sed at et culpa recusandae. Veniam est hic aliquid voluptatem at voluptatum dolores. Vero quo non et tenetur in.', 1103801, 587, 20, 20);
INSERT INTO `Companies` (`id`, `name`, `description`, `size`, `contact_info`, `address_id`, `owner_id`) VALUES (21, 'laudantium', 'Et sit aliquam recusandae et. Ut deserunt sequi veritatis explicabo. Velit fugit aut dolor incidunt. Iusto doloremque dolor iure enim sit.', 812, 98, 21, 21);
INSERT INTO `Companies` (`id`, `name`, `description`, `size`, `contact_info`, `address_id`, `owner_id`) VALUES (22, 'sint', 'At consequuntur enim harum hic reprehenderit perspiciatis. Adipisci est labore voluptate id. Officiis omnis similique et. Tempore et qui maxime omnis quo veritatis sit. Est sed vitae exercitationem id.', 5726282, 0, 22, 22);
INSERT INTO `Companies` (`id`, `name`, `description`, `size`, `contact_info`, `address_id`, `owner_id`) VALUES (23, 'voluptate', 'Veniam qui ad non necessitatibus repudiandae reiciendis maxime unde. Voluptas eligendi ut ex deleniti. Sed animi odio eos dignissimos amet corporis. Eveniet quo est culpa recusandae accusantium deleniti doloribus quas.', 8839139, 1, 23, 23);
INSERT INTO `Companies` (`id`, `name`, `description`, `size`, `contact_info`, `address_id`, `owner_id`) VALUES (24, 'nemo', 'Nesciunt quidem qui repudiandae reiciendis sunt quas soluta. Laudantium necessitatibus laudantium impedit ipsa qui occaecati est. Explicabo quo eaque expedita ut expedita eum. Est rerum totam quasi quas magni occaecati alias dolore.', 0, 561, 24, 24);
INSERT INTO `Companies` (`id`, `name`, `description`, `size`, `contact_info`, `address_id`, `owner_id`) VALUES (25, 'qui', 'Suscipit aut cupiditate et molestias. Ut ut quis hic. Vel ut illum est hic facilis id officia. Ipsam neque autem libero assumenda laudantium quos quia.', 31765, 0, 25, 25);
INSERT INTO `Companies` (`id`, `name`, `description`, `size`, `contact_info`, `address_id`, `owner_id`) VALUES (26, 'quasi', 'Expedita et maiores omnis sunt dicta quis dolores. Quae officiis deserunt qui suscipit. Est ipsam temporibus id voluptatibus tenetur animi quis dolorem. Cumque suscipit quo eligendi voluptas ea facilis consequatur.', 52, 457, 26, 26);
INSERT INTO `Companies` (`id`, `name`, `description`, `size`, `contact_info`, `address_id`, `owner_id`) VALUES (27, 'molestias', 'Voluptatem et excepturi placeat quia. A numquam est fuga asperiores aut ab.', 8, 44, 27, 27);
INSERT INTO `Companies` (`id`, `name`, `description`, `size`, `contact_info`, `address_id`, `owner_id`) VALUES (28, 'hic', 'Non itaque alias mollitia perspiciatis. Ea nemo enim optio nostrum aliquid aut. Labore sit tempore modi.', 9892, 1, 28, 28);
INSERT INTO `Companies` (`id`, `name`, `description`, `size`, `contact_info`, `address_id`, `owner_id`) VALUES (29, 'distinctio', 'Voluptatem molestias vel aperiam deleniti incidunt. Placeat dolorem corrupti veniam quibusdam id aut consequatur. Quis autem et necessitatibus impedit.', 0, 1, 29, 29);
INSERT INTO `Companies` (`id`, `name`, `description`, `size`, `contact_info`, `address_id`, `owner_id`) VALUES (30, 'sed', 'Impedit eius quis autem mollitia. Saepe consequatur tenetur reprehenderit fugit ratione. Et ea perspiciatis voluptate quos recusandae.', 0, 1, 30, 30);
INSERT INTO `Companies` (`id`, `name`, `description`, `size`, `contact_info`, `address_id`, `owner_id`) VALUES (31, 'incidunt', 'Quisquam perferendis rerum et esse. Dolor labore aut mollitia aperiam facilis consequuntur quia. Vitae hic dolor corporis magni quia magni.', 68716, 0, 31, 31);
INSERT INTO `Companies` (`id`, `name`, `description`, `size`, `contact_info`, `address_id`, `owner_id`) VALUES (32, 'mollitia', 'Hic dolores qui voluptatem. Voluptatem nobis vitae itaque provident sunt veritatis. Impedit dolore voluptatem sed quia dolores aut aut. Voluptatum molestiae doloribus inventore nostrum itaque.', 0, 356405, 32, 32);
INSERT INTO `Companies` (`id`, `name`, `description`, `size`, `contact_info`, `address_id`, `owner_id`) VALUES (33, 'consequatur', 'Sunt pariatur velit ducimus rerum soluta. Fugiat et fugit consequatur et cupiditate at ducimus. Et ut commodi voluptatem. Blanditiis inventore magni commodi quos.', 14, 970803, 33, 33);
INSERT INTO `Companies` (`id`, `name`, `description`, `size`, `contact_info`, `address_id`, `owner_id`) VALUES (34, 'temporibus', 'Veritatis qui sint recusandae blanditiis. Aut aut alias non repellendus harum autem officia. Earum aut alias architecto provident adipisci veritatis.', 1012, 204, 34, 34);
INSERT INTO `Companies` (`id`, `name`, `description`, `size`, `contact_info`, `address_id`, `owner_id`) VALUES (35, 'tenetur', 'Quisquam ut odit necessitatibus voluptatem. Minus eos autem placeat eveniet eveniet quaerat non. Omnis vero in error. Error consequatur ut qui quasi et eveniet quis.', 752447, 1194925333, 35, 35);
INSERT INTO `Companies` (`id`, `name`, `description`, `size`, `contact_info`, `address_id`, `owner_id`) VALUES (36, 'nisi', 'Eum nemo iste ut. Aut commodi fugiat laborum vel. Optio provident ipsa maiores a.', 1, 994, 36, 36);
INSERT INTO `Companies` (`id`, `name`, `description`, `size`, `contact_info`, `address_id`, `owner_id`) VALUES (37, 'sapiente', 'Molestiae aut sit assumenda. Eos voluptas perferendis in architecto quam. Enim assumenda ducimus error perferendis quia autem.', 0, 1, 37, 37);
INSERT INTO `Companies` (`id`, `name`, `description`, `size`, `contact_info`, `address_id`, `owner_id`) VALUES (38, 'error', 'Facilis quidem mollitia et totam velit nobis in. Qui omnis sint voluptas. Et temporibus aliquam qui ut consectetur ratione non aliquam.', 0, 421659, 38, 38);
INSERT INTO `Companies` (`id`, `name`, `description`, `size`, `contact_info`, `address_id`, `owner_id`) VALUES (39, 'soluta', 'Officiis quaerat aut molestias cum omnis. Odio quas dolores iure minima commodi deserunt sit maiores. Deserunt qui doloremque et est harum inventore.', 7264, 779, 39, 39);
INSERT INTO `Companies` (`id`, `name`, `description`, `size`, `contact_info`, `address_id`, `owner_id`) VALUES (40, 'omnis', 'Vitae qui maxime quo molestiae. Voluptas praesentium similique sed molestiae. Et perspiciatis voluptas ex voluptas autem possimus quasi.', 33445369, 535, 40, 40);
INSERT INTO `Companies` (`id`, `name`, `description`, `size`, `contact_info`, `address_id`, `owner_id`) VALUES (41, 'sit', 'Corporis aut rerum est officiis quisquam sed deleniti est. Dolorem provident repudiandae sequi excepturi. Sit voluptatibus hic deleniti incidunt. Dicta neque voluptatem illo voluptas vitae provident suscipit.', 1435233, 1, 41, 41);
INSERT INTO `Companies` (`id`, `name`, `description`, `size`, `contact_info`, `address_id`, `owner_id`) VALUES (42, 'et', 'Consequatur nostrum sit natus similique pariatur dignissimos repudiandae. Ea iste sed nihil facere iure perspiciatis. Possimus exercitationem sit ea recusandae tenetur sed iste soluta.', 159, 709, 42, 42);
INSERT INTO `Companies` (`id`, `name`, `description`, `size`, `contact_info`, `address_id`, `owner_id`) VALUES (43, 'velit', 'Consequatur laudantium repellendus occaecati recusandae unde assumenda nulla. Odit et sint maiores non. In non id excepturi et. Possimus dicta quisquam eaque ea aliquam.', 972923773, 882, 43, 43);
INSERT INTO `Companies` (`id`, `name`, `description`, `size`, `contact_info`, `address_id`, `owner_id`) VALUES (44, 'adipisci', 'Quod voluptatem quisquam consequatur voluptatum expedita. Reiciendis suscipit quam dolorem porro delectus. Voluptatem dignissimos voluptate aut sed. Rerum numquam quasi architecto ad sit sequi fugit.', 0, 1, 44, 44);
INSERT INTO `Companies` (`id`, `name`, `description`, `size`, `contact_info`, `address_id`, `owner_id`) VALUES (45, 'eos', 'Impedit nihil quia aut quo odit. Ut neque amet ut sequi eaque expedita. Officiis porro vero doloribus quo dolorum temporibus.', 17231, 455, 45, 45);
INSERT INTO `Companies` (`id`, `name`, `description`, `size`, `contact_info`, `address_id`, `owner_id`) VALUES (46, 'debitis', 'Quae non voluptas nihil veniam fuga magnam quod. Eius ut aliquid explicabo. Reprehenderit odit voluptas sunt impedit. Libero et aliquam doloribus nihil.', 5600991, 523, 46, 46);
INSERT INTO `Companies` (`id`, `name`, `description`, `size`, `contact_info`, `address_id`, `owner_id`) VALUES (47, 'eius', 'Voluptas tempore dolorem culpa iure at adipisci. Velit aut nihil id nobis adipisci commodi.', 0, 0, 47, 47);
INSERT INTO `Companies` (`id`, `name`, `description`, `size`, `contact_info`, `address_id`, `owner_id`) VALUES (48, 'blanditiis', 'Distinctio et rerum rerum fugiat voluptatem vitae aliquid. Et non velit repudiandae placeat consectetur. Minus veniam quibusdam consectetur distinctio eligendi.', 53, 17, 48, 48);
INSERT INTO `Companies` (`id`, `name`, `description`, `size`, `contact_info`, `address_id`, `owner_id`) VALUES (49, 'illo', 'Reiciendis quidem modi qui nulla. Ut ut sit saepe quibusdam. Aut rerum debitis ad. Repellat neque totam vitae vel perferendis.', 4989, 0, 49, 49);
INSERT INTO `Companies` (`id`, `name`, `description`, `size`, `contact_info`, `address_id`, `owner_id`) VALUES (50, 'exercitationem', 'Quisquam voluptas possimus doloribus tempore occaecati provident itaque. Deleniti quia culpa ab doloremque. Cupiditate quasi deserunt eligendi maxime maiores.', 260964, 0, 50, 50);
INSERT INTO `Companies` (`id`, `name`, `description`, `size`, `contact_info`, `address_id`, `owner_id`) VALUES (51, 'quisquam', 'Quis qui soluta ipsa quo dignissimos iure atque. Itaque ducimus accusamus illo libero earum accusantium. Sunt laboriosam numquam ut laborum veritatis quis.', 11695374, 0, 51, 51);
INSERT INTO `Companies` (`id`, `name`, `description`, `size`, `contact_info`, `address_id`, `owner_id`) VALUES (52, 'aut', 'Minima et rerum eveniet consequuntur provident et sed at. Sequi quo est atque molestias. Eos debitis cumque assumenda itaque sint dolores autem quo. Similique quo quidem ut omnis voluptatem consequatur. Illum nobis officiis voluptatem repudiandae omnis vo', 858809, 1, 52, 52);
INSERT INTO `Companies` (`id`, `name`, `description`, `size`, `contact_info`, `address_id`, `owner_id`) VALUES (53, 'in', 'Ducimus dolore facilis occaecati doloremque impedit. Odio nesciunt ut blanditiis sunt aliquam voluptatem. Pariatur voluptatem ut ullam sed qui. Consequuntur omnis iste molestiae culpa perspiciatis eum.', 80, 328312, 53, 53);
INSERT INTO `Companies` (`id`, `name`, `description`, `size`, `contact_info`, `address_id`, `owner_id`) VALUES (54, 'et', 'Et laborum qui optio quae unde minima. Eaque velit rerum aliquam nesciunt. Similique veritatis laboriosam suscipit totam nihil velit quia.', 3092, 1, 54, 54);
INSERT INTO `Companies` (`id`, `name`, `description`, `size`, `contact_info`, `address_id`, `owner_id`) VALUES (55, 'facilis', 'Et occaecati cupiditate aspernatur reiciendis. Facilis sunt ex quia ipsam. Beatae cumque quis commodi totam molestiae mollitia.', 1, 0, 55, 55);
INSERT INTO `Companies` (`id`, `name`, `description`, `size`, `contact_info`, `address_id`, `owner_id`) VALUES (56, 'atque', 'Ab reiciendis quod et officiis incidunt vel quae aspernatur. Asperiores occaecati unde magni. Dolorum quia soluta eveniet eaque quisquam molestiae sed.', 707242, 2147483647, 56, 56);
INSERT INTO `Companies` (`id`, `name`, `description`, `size`, `contact_info`, `address_id`, `owner_id`) VALUES (57, 'qui', 'Et dignissimos neque est repellat voluptatem id quasi. Atque quis alias beatae quo architecto.', 242055, 876396, 57, 57);
INSERT INTO `Companies` (`id`, `name`, `description`, `size`, `contact_info`, `address_id`, `owner_id`) VALUES (58, 'dolores', 'Aspernatur fuga quidem recusandae est molestiae animi nisi. Tempore omnis rerum tempore quod eius sed nobis dignissimos. Repellendus omnis quia voluptatum fuga laudantium dolore. Delectus adipisci qui quis impedit est reprehenderit.', 56, 2147483647, 58, 58);
INSERT INTO `Companies` (`id`, `name`, `description`, `size`, `contact_info`, `address_id`, `owner_id`) VALUES (59, 'quam', 'Cumque impedit recusandae voluptas quia eligendi animi ad. Et autem sunt eum a expedita non unde earum. Consequatur quod tempora rerum ut reiciendis adipisci facere. At non sapiente et velit.', 0, 1, 59, 59);
INSERT INTO `Companies` (`id`, `name`, `description`, `size`, `contact_info`, `address_id`, `owner_id`) VALUES (60, 'quos', 'Asperiores deleniti sapiente quibusdam beatae quidem. Cupiditate repudiandae accusantium voluptatem nihil quas qui. Perferendis sapiente nobis quis modi quisquam.', 9544623, 19, 60, 60);
INSERT INTO `Companies` (`id`, `name`, `description`, `size`, `contact_info`, `address_id`, `owner_id`) VALUES (61, 'asperiores', 'Adipisci id assumenda quae perferendis porro. Ut aut ut dolorem sunt assumenda. Debitis eum ducimus temporibus beatae.', 52, 792391, 61, 61);
INSERT INTO `Companies` (`id`, `name`, `description`, `size`, `contact_info`, `address_id`, `owner_id`) VALUES (62, 'est', 'Ipsam nemo deserunt voluptatem excepturi optio. Ut reprehenderit repudiandae cupiditate corrupti facere. Atque cum id minus sapiente iure.', 964307, 829355, 62, 62);
INSERT INTO `Companies` (`id`, `name`, `description`, `size`, `contact_info`, `address_id`, `owner_id`) VALUES (63, 'nobis', 'Quis cumque blanditiis odit aut distinctio nihil consequatur eos. Ducimus quasi atque minus corrupti. Sint molestiae qui voluptatem molestiae expedita amet quasi.', 91815993, 420219, 63, 63);
INSERT INTO `Companies` (`id`, `name`, `description`, `size`, `contact_info`, `address_id`, `owner_id`) VALUES (64, 'est', 'Asperiores sint impedit animi repellat praesentium. Odio quia quaerat nihil voluptatibus quasi numquam ut voluptas. Quia possimus animi sed nihil accusantium quaerat saepe. Hic excepturi est illo numquam voluptates et magni perspiciatis.', 8271, 0, 64, 64);
INSERT INTO `Companies` (`id`, `name`, `description`, `size`, `contact_info`, `address_id`, `owner_id`) VALUES (65, 'et', 'Autem culpa eum voluptas tempore hic dolores. Voluptas doloribus nihil libero ipsa quidem modi voluptatem. Et consequatur rerum odio quod corporis ipsam.', 89, 0, 65, 65);
INSERT INTO `Companies` (`id`, `name`, `description`, `size`, `contact_info`, `address_id`, `owner_id`) VALUES (66, 'id', 'Quam sapiente autem qui ut aut deleniti qui. Rem magnam quis consequatur quod fuga. Ipsum voluptas id dolorem enim ullam dolorem.', 68, 1, 66, 66);
INSERT INTO `Companies` (`id`, `name`, `description`, `size`, `contact_info`, `address_id`, `owner_id`) VALUES (67, 'quos', 'Sunt libero doloribus delectus suscipit. Ut libero esse nostrum ut velit. Ut ea neque autem voluptas. Recusandae enim eaque voluptatem. Ipsam laboriosam sed neque voluptatem optio eum optio.', 301961300, 1, 67, 67);
INSERT INTO `Companies` (`id`, `name`, `description`, `size`, `contact_info`, `address_id`, `owner_id`) VALUES (68, 'praesentium', 'Quas quos voluptatem voluptas harum. Consequatur aut eius vitae et. Omnis iure numquam nostrum laborum vel sed voluptatem ut. Consequatur eum et ducimus ad ut cupiditate.', 393799, 541249, 68, 68);
INSERT INTO `Companies` (`id`, `name`, `description`, `size`, `contact_info`, `address_id`, `owner_id`) VALUES (69, 'labore', 'Quam voluptatum et est voluptas quo. Nihil ea nam et nostrum. Ut voluptatem quia error. Explicabo repellat aspernatur delectus numquam culpa occaecati.', 3241106, 1, 69, 69);
INSERT INTO `Companies` (`id`, `name`, `description`, `size`, `contact_info`, `address_id`, `owner_id`) VALUES (70, 'suscipit', 'Similique occaecati adipisci totam consequatur suscipit. Ut numquam dolores et perferendis recusandae. Non pariatur ut eum voluptate eveniet repellat quia.', 303248, 220204, 70, 70);
INSERT INTO `Companies` (`id`, `name`, `description`, `size`, `contact_info`, `address_id`, `owner_id`) VALUES (71, 'fugiat', 'Et corrupti ut doloremque aut veniam repellendus. Culpa perferendis vero sequi quam. Dolorem omnis debitis nulla.', 0, 0, 71, 71);
INSERT INTO `Companies` (`id`, `name`, `description`, `size`, `contact_info`, `address_id`, `owner_id`) VALUES (72, 'et', 'Rerum magnam omnis dolorem sunt et perferendis. Qui consequatur aut sed odio aspernatur molestias veniam sit. Culpa hic odit earum qui.', 2340476, 0, 72, 72);
INSERT INTO `Companies` (`id`, `name`, `description`, `size`, `contact_info`, `address_id`, `owner_id`) VALUES (73, 'debitis', 'Laudantium qui nostrum voluptatibus recusandae maiores incidunt ea nesciunt. Sed fuga et rerum dolores. Doloremque ipsam ea animi sunt sequi ex. Magnam laborum possimus aut fugiat.', 201721073, 415307, 73, 73);
INSERT INTO `Companies` (`id`, `name`, `description`, `size`, `contact_info`, `address_id`, `owner_id`) VALUES (74, 'non', 'Enim impedit ad reiciendis ut. Aliquam exercitationem architecto quia quisquam deleniti et. Sit voluptatem necessitatibus qui nobis voluptas labore magni.', 624898, 1, 74, 74);
INSERT INTO `Companies` (`id`, `name`, `description`, `size`, `contact_info`, `address_id`, `owner_id`) VALUES (75, 'est', 'Id et vel reprehenderit voluptatem minima. Qui libero eum tenetur eaque corporis assumenda. Nesciunt ipsam eveniet libero dignissimos est. Eligendi sit in occaecati dolorem.', 3724835, 652359, 75, 75);
INSERT INTO `Companies` (`id`, `name`, `description`, `size`, `contact_info`, `address_id`, `owner_id`) VALUES (76, 'odio', 'Esse ut officiis nesciunt similique pariatur. Quis sed asperiores explicabo quasi.', 16, 1, 76, 76);
INSERT INTO `Companies` (`id`, `name`, `description`, `size`, `contact_info`, `address_id`, `owner_id`) VALUES (77, 'nisi', 'Culpa porro pariatur consequatur ut. Nulla repudiandae voluptas recusandae fugit minima natus. Eius est maxime officia sint.', 30537222, 670100, 77, 77);
INSERT INTO `Companies` (`id`, `name`, `description`, `size`, `contact_info`, `address_id`, `owner_id`) VALUES (78, 'voluptatem', 'Ut possimus laboriosam ut provident sed in magni. Officia adipisci aut ducimus. Ad quisquam tenetur et consequatur consequatur ad.', 241303, 470556, 78, 78);
INSERT INTO `Companies` (`id`, `name`, `description`, `size`, `contact_info`, `address_id`, `owner_id`) VALUES (79, 'placeat', 'Alias ullam minima est quia dolores quasi. Velit in et nihil reiciendis esse aliquid. Reprehenderit quisquam aut perferendis et. Incidunt exercitationem non est velit.', 677355, 525718, 79, 79);
INSERT INTO `Companies` (`id`, `name`, `description`, `size`, `contact_info`, `address_id`, `owner_id`) VALUES (80, 'cum', 'Cupiditate in perferendis ipsam qui amet recusandae nihil numquam. Fugit aut numquam quia et ea magni vero.', 77347, 336, 80, 80);
INSERT INTO `Companies` (`id`, `name`, `description`, `size`, `contact_info`, `address_id`, `owner_id`) VALUES (81, 'culpa', 'In ut aperiam praesentium assumenda vero aut. Eum nisi dolor dolorum ullam. Ex architecto temporibus vel asperiores sapiente enim. Eos vitae et ad saepe quia beatae exercitationem.', 980, 1527772071, 81, 81);
INSERT INTO `Companies` (`id`, `name`, `description`, `size`, `contact_info`, `address_id`, `owner_id`) VALUES (82, 'quas', 'Blanditiis quidem perspiciatis recusandae modi quis. Soluta distinctio perspiciatis ut neque vitae soluta id. Vero nesciunt eligendi voluptates. Esse dolores quaerat sint a iste amet dolores.', 82226810, 1, 82, 82);
INSERT INTO `Companies` (`id`, `name`, `description`, `size`, `contact_info`, `address_id`, `owner_id`) VALUES (83, 'assumenda', 'Quos aut voluptatem illum. Magnam in quam consequatur molestias voluptatem voluptas. Similique autem unde omnis labore. Et et fugit nulla pariatur accusamus eos pariatur.', 0, 102569, 83, 83);
INSERT INTO `Companies` (`id`, `name`, `description`, `size`, `contact_info`, `address_id`, `owner_id`) VALUES (84, 'nesciunt', 'Adipisci ipsa ex modi et voluptates. Deserunt repudiandae illum quidem qui. Quasi tenetur et facere.', 33710, 959, 84, 84);
INSERT INTO `Companies` (`id`, `name`, `description`, `size`, `contact_info`, `address_id`, `owner_id`) VALUES (85, 'quaerat', 'Blanditiis dignissimos animi et ducimus iste molestiae. Maxime aut minima sit enim. Quis atque voluptas dicta impedit.', 5408137, 1, 85, 85);
INSERT INTO `Companies` (`id`, `name`, `description`, `size`, `contact_info`, `address_id`, `owner_id`) VALUES (86, 'et', 'Molestiae reprehenderit dignissimos eos. Ut explicabo numquam ratione cumque. Facilis numquam molestias odio commodi.', 498, 91, 86, 86);
INSERT INTO `Companies` (`id`, `name`, `description`, `size`, `contact_info`, `address_id`, `owner_id`) VALUES (87, 'doloremque', 'Dignissimos iure quae neque molestias et. Et vero id aliquam iure est dolorum. Accusantium qui illum possimus.', 1728, 1, 87, 87);
INSERT INTO `Companies` (`id`, `name`, `description`, `size`, `contact_info`, `address_id`, `owner_id`) VALUES (88, 'aut', 'Tempora nisi autem possimus voluptatem. Cum enim fuga et provident inventore dolorum. Odio tempora dolorum iusto.', 110, 0, 88, 88);
INSERT INTO `Companies` (`id`, `name`, `description`, `size`, `contact_info`, `address_id`, `owner_id`) VALUES (89, 'voluptas', 'Nemo culpa quia aut magni ad. In inventore harum qui tempora voluptatum porro sed. Quis nam illo tenetur asperiores corporis ipsam. Voluptas sunt voluptate in eaque nulla omnis omnis iusto. Sequi dolore quod cum magni.', 0, 738619, 89, 89);
INSERT INTO `Companies` (`id`, `name`, `description`, `size`, `contact_info`, `address_id`, `owner_id`) VALUES (90, 'vero', 'Amet voluptas consequatur quo inventore consequatur modi. Saepe aliquid dolorum ea perspiciatis accusantium. Est consequuntur esse vero.', 1138, 2147483647, 90, 90);
INSERT INTO `Companies` (`id`, `name`, `description`, `size`, `contact_info`, `address_id`, `owner_id`) VALUES (91, 'exercitationem', 'Fuga delectus quis optio non ad eos. Ipsam unde eaque dignissimos aperiam magnam eum corporis.', 0, 1, 91, 91);
INSERT INTO `Companies` (`id`, `name`, `description`, `size`, `contact_info`, `address_id`, `owner_id`) VALUES (92, 'et', 'Odio totam ullam deserunt ad eius ullam. Ipsa qui temporibus nesciunt dolorum. Veritatis laborum rerum laboriosam ut omnis laborum. Veniam consequatur ex in molestiae impedit maxime.', 344979, 1, 92, 92);
INSERT INTO `Companies` (`id`, `name`, `description`, `size`, `contact_info`, `address_id`, `owner_id`) VALUES (93, 'quisquam', 'Excepturi incidunt incidunt sapiente voluptatem repellat. Quas qui voluptatem ut dolorem beatae minima. Distinctio non tenetur et facere.', 273, 2147483647, 93, 93);
INSERT INTO `Companies` (`id`, `name`, `description`, `size`, `contact_info`, `address_id`, `owner_id`) VALUES (94, 'quasi', 'Repudiandae voluptates velit saepe et perspiciatis magnam. Et laudantium quae dicta earum a. Iste aliquid enim quasi.', 1, 70, 94, 94);
INSERT INTO `Companies` (`id`, `name`, `description`, `size`, `contact_info`, `address_id`, `owner_id`) VALUES (95, 'eveniet', 'Voluptates voluptatum necessitatibus adipisci nihil. Maxime deleniti quia nesciunt eaque eaque velit asperiores aspernatur. Consequatur repellendus veniam dolor et vitae.', 4, 484121, 95, 95);
INSERT INTO `Companies` (`id`, `name`, `description`, `size`, `contact_info`, `address_id`, `owner_id`) VALUES (96, 'dolore', 'Eaque ut ex voluptate omnis. Occaecati veritatis fuga quidem. Quas deleniti culpa voluptas itaque laudantium suscipit explicabo. Dolorum omnis mollitia aperiam asperiores dolorem sit.', 1687851, 93, 96, 96);
INSERT INTO `Companies` (`id`, `name`, `description`, `size`, `contact_info`, `address_id`, `owner_id`) VALUES (97, 'voluptate', 'Sed neque earum saepe. Natus corporis sed fuga quae molestias iste. Qui maxime quisquam facere dolor qui aut. Ullam sed vel libero dolorem.', 71723, 1, 97, 97);
INSERT INTO `Companies` (`id`, `name`, `description`, `size`, `contact_info`, `address_id`, `owner_id`) VALUES (98, 'assumenda', 'Molestias dolor omnis omnis sed libero et veritatis. Quo facere aut cum eius ut voluptatibus. Minus architecto excepturi labore consequatur omnis. Veritatis omnis aspernatur atque totam omnis et quas.', 95, 402, 98, 98);
INSERT INTO `Companies` (`id`, `name`, `description`, `size`, `contact_info`, `address_id`, `owner_id`) VALUES (99, 'voluptatum', 'Assumenda quam vel debitis aut eos iusto. Voluptatem reiciendis dolores delectus illum. Qui reprehenderit ut dolor ducimus. Qui ipsa sint perspiciatis modi odio.', 94243680, 2147483647, 99, 99);
INSERT INTO `Companies` (`id`, `name`, `description`, `size`, `contact_info`, `address_id`, `owner_id`) VALUES (100, 'voluptas', 'Eum dolorum fugit ea repellat aspernatur. Eum velit vel sunt in omnis autem saepe. Rem dolorem explicabo aut vel hic quas odio aliquid.', 6397565, 304608, 100, 100);


INSERT INTO `Jobs` VALUES
(1,'et','Ipsa quia eos illum odit iste suscipit rerum. Molestiae odit dolor vel corporis. Sint enim corrupti ut cumque.','Recusandae dignissimos laboriosam praesentium saepe omnis illo hic.','','1995-01-12','0678 Beer Fields\nSouth Vincenza, ME 67660','Accusantium occaecati ea id labore ipsam aspernatur earum. Similique et qui quidem odio. Mollitia quisquam delectus voluptatibus et non. Ullam tempora aut rerum iusto.',NULL,'8',1),
(2,'dolor','Exercitationem eum rerum nobis deleniti officia aspernatur quibusdam. Est facilis tenetur a et aut. Optio animi consequatur nostrum id magni quia.','Velit sed distinctio voluptas sit qui voluptatem.','673','2007-07-24','4579 Nelle Field\nRobertotown, HI 18734-6301','Itaque id voluptatibus ea et ut ut. Aliquam esse occaecati consequatur rerum minus ut eaque deleniti. Voluptatum officiis sint assumenda aliquam consectetur praesentium. Corrupti amet voluptatum aliquid sed soluta et.',NULL,'3',2),
(3,'non','Incidunt molestiae consectetur odit nihil. Ut dignissimos laudantium doloremque illum reprehenderit enim nesciunt. Optio maxime eos commodi et omnis. Aliquam commodi nihil aperiam odit hic.','Eius nemo pariatur consequatur officiis cupiditate non.','712956200','2006-08-11','609 Triston Camp\nNew Amiya, CO 96265','Magni corrupti iure voluptatibus rerum porro facilis ex necessitatibus. Sed fugiat culpa beatae officiis. Nihil voluptatem fuga sint cum et voluptatem deserunt. Doloribus eligendi est et eveniet voluptas nobis. Sint laborum qui asperiores tempore temporib',NULL,'8',3),
(4,'et','Ut vel earum aliquam dolorem tempore et itaque. Nemo illo ratione aut nobis. In beatae tempore repellat dolores vero cum.','Et harum sed aut.','215905','2011-03-19','1494 Rhoda Rapid\nLuluburgh, MA 00672','Ex animi dolores voluptas dolorem. Ut nam et eum et. Ea rerum nemo tempore voluptas iusto.',NULL,'',4),
(5,'asperiores','Hic officia et nemo reprehenderit amet sed. Sed quidem et doloribus voluptas. Totam aliquid est qui et. Ratione et aut quia qui reiciendis qui est.','Eligendi laborum dolorem quo nostrum alias quis.','47','1985-08-31','0326 Conn Hollow Suite 066\nNorth Muriel, WY 67118-4598','Fuga qui voluptates eos corporis assumenda rerum et ut. Ut et ratione eaque et cupiditate id possimus. Aut mollitia ad officia hic id aut minus. Recusandae laborum dignissimos et sed velit aut et.',NULL,'8',5),
(6,'sequi','Nobis expedita ad consequatur est ut rerum dolor. Natus harum optio et sit non beatae.','Corrupti architecto delectus eum voluptatem praesentium aliquid.','6670204','2021-02-22','260 Cicero Roads Apt. 144\nHalvorsontown, KY 65275-6321','Fuga fugit voluptas ab est cum quam dolorum. Et qui fuga ut voluptate enim quo atque nihil. Et debitis debitis qui rem id qui.',NULL,'6',6),
(7,'fugiat','Aut reiciendis rem numquam alias inventore. Necessitatibus ut blanditiis omnis quasi. Molestiae eaque similique aperiam non. Rerum est et ut non voluptas.','Dignissimos quas ipsam et iure eaque.','8023','1980-09-01','5767 Hyatt Lodge\nRhettshire, OR 22458','Voluptatem cum voluptas aspernatur ullam quo sed voluptas qui. Molestiae ut aliquam cupiditate voluptas quos qui maxime consequuntur.',NULL,'6',7),
(8,'quis','Optio laudantium exercitationem ut repellat alias aut consequatur. Molestias quia quo voluptatem aut nulla.','Suscipit modi quia fuga sit mollitia dolores consequatur.','69','1970-01-04','125 Rita Shoal\nLonieshire, WY 81107','Sint nihil suscipit est vitae eius atque. Nesciunt explicabo consequatur alias voluptatibus facere. Cumque molestias dolores quam ab nostrum fugiat quis. Qui et cumque deserunt veritatis aperiam. Ea nostrum laboriosam non.',NULL,'2',8),
(9,'quam','Et cum et tempora. Perspiciatis quasi laudantium in quos aperiam voluptas ea pariatur.','Libero tempora accusamus suscipit magni consectetur ut dolor.','531683','2001-02-14','082 Boyle Harbors Suite 458\nPort Kieranland, MN 94474-7111','Quia ullam pariatur ab dolorem ipsa quisquam veniam. Velit quidem et illum architecto omnis iure. Quibusdam sint est enim quo perspiciatis minima sed.',NULL,'4',9),
(10,'ratione','Aliquam dolor maxime soluta officiis eos. Et delectus aliquam perspiciatis velit alias.','Facilis dolor ratione doloremque.','53019','1987-03-19','6813 Spencer Hill\nPort Alenetown, SD 00323','Sed quidem necessitatibus odit pariatur. Iusto quia architecto quis voluptates. Possimus necessitatibus quasi optio adipisci qui.',NULL,'',10),
(11,'eum','Porro aut tenetur neque quis quis qui veritatis dolorum. Quo quibusdam velit quisquam quis natus dolorum. Omnis provident odit et est reprehenderit deserunt.','Unde itaque sequi laudantium sequi voluptas qui similique.','','2021-09-04','20842 Keshaun Shoals Apt. 711\nHillschester, CO 53448','Molestiae nihil minus dolor autem vero quasi tempore qui. Magnam molestias aliquam minus. Nihil autem perferendis voluptate aperiam.',NULL,'3',11),
(12,'molestias','Similique et recusandae excepturi sapiente quia ipsum quo molestiae. Aut dolor rerum error voluptas. Enim fuga dolorem quis neque ipsa. Nisi eos eos tempora iusto maiores.','Molestiae est consectetur explicabo cupiditate.','631427081','1971-10-01','741 Alfreda Light Apt. 375\nSouth Lavinia, NJ 88685-4796','Dolores delectus rerum ullam soluta consequatur. Est et iste quidem aut. Eius sed et aliquam soluta.',NULL,'',12),
(13,'doloribus','Provident eius facilis sed qui sunt reprehenderit doloribus. Numquam architecto libero ipsa facere. Ratione incidunt cum quis magni animi minus. In consequuntur et accusantium praesentium ut velit in.','Hic fuga sit minima nobis sed voluptates commodi ea.','751433183','1972-06-07','1222 Jo Ramp\nDinachester, CO 63659','Ut nulla nulla quis quod. Repellat mollitia iste qui. Magnam minus debitis architecto sint et sed.',NULL,'1',13),
(14,'quis','Rerum dolore sint at eligendi alias. Ad pariatur sit non et rem quaerat eum. Quidem perferendis libero cupiditate voluptas qui ea.','Deleniti asperiores ratione saepe maxime.','7961079','1987-02-26','76705 Genoveva Trafficway Suite 758\nPort Tylershire, WV 28576','Rerum voluptate molestias delectus iure repudiandae voluptatem inventore. Ab incidunt odit atque rem beatae omnis. Numquam qui qui perferendis. Numquam necessitatibus sit similique velit ut quos est.',NULL,'7',14),
(15,'repellendus','Ut magnam id consequatur eum ex. Quasi sequi omnis vitae a. A sit architecto facere voluptas qui. Ex est maiores veritatis aspernatur numquam id accusantium temporibus.','Earum eum quia aperiam voluptas distinctio.','647674','2012-01-19','926 Dare Club Apt. 299\nHectorville, NJ 41788-7299','Nobis quidem ea commodi ut quo quos neque. Sint et rem est aperiam. Dolore explicabo mollitia consequuntur eveniet.',NULL,'5',15),
(16,'unde','Earum modi ad repudiandae voluptas tenetur. Optio odit pariatur facilis culpa quo perspiciatis. Nobis incidunt voluptatem officiis maiores quam.','Accusantium et id dolorem sequi nam quibusdam.','55','1987-11-28','60236 Torphy Knoll Suite 922\nMonahanborough, MO 01669','Quia qui quo aut ab. Voluptate fugit et consequatur et vel rerum. Aut ut sequi qui quo.',NULL,'6',16),
(17,'aliquid','Quis aperiam praesentium magnam laborum omnis corrupti. Dolores voluptas voluptatem blanditiis eum qui. Et nam rem at omnis blanditiis.','Amet hic qui nemo explicabo voluptatibus necessitatibus perferendis.','40818325','2008-04-05','442 Heidenreich Overpass Apt. 273\nAshlymouth, LA 96777','Ratione numquam et voluptatem sequi repellendus quo nostrum aut. Voluptas rerum ea sequi sed est tempore dignissimos rem. Fugiat exercitationem consequuntur repellendus voluptates et consequatur reprehenderit. Error facere error pariatur sed.',NULL,'7',17),
(18,'sed','Exercitationem ab accusamus aspernatur. Sapiente ut eveniet aut ut. Distinctio voluptatum sint deleniti est illo.','Ipsa qui sed vel voluptas dolore quis.','22792','2008-09-07','1805 Murazik Locks\nWest Luigihaven, MT 89234-0914','Qui facilis distinctio sed quo quidem quia. Ut numquam architecto harum sit iusto quaerat. Maxime voluptatem facilis maxime non pariatur. Molestiae in fugit ut quam sint.',NULL,'9',18),
(19,'molestiae','Impedit repudiandae error recusandae vitae. Deleniti omnis repudiandae sed ad sunt animi. Debitis animi distinctio eos dolorum nam ipsam rem. Odio explicabo quo non.','Saepe beatae quibusdam sequi itaque quis odio in.','4059','2010-07-01','8429 Wilkinson Ports Apt. 610\nO\'Keefemouth, WV 50525','Quia necessitatibus ut illo quasi. Est minima voluptatibus facere sed. Sint ipsum omnis nemo autem dignissimos. Eaque earum sequi et.',NULL,'5',19),
(20,'ab','Dolorem voluptatibus sit unde. Dolor et est officia sapiente. Qui consequuntur sit explicabo magnam rerum sed eum. Nisi eius ex esse ullam veritatis quis est dolorem.','Ut molestiae facere nulla sit rerum velit.','93','1987-03-29','5573 Kelli Islands\nClaystad, OK 86176','Nesciunt praesentium omnis ipsa sapiente quos. Quo tempore et ut voluptas optio aliquam illo. Ab alias illo eum at ipsum possimus.',NULL,'8',20),
(21,'cumque','Vero non et ut nihil officia sunt. Sequi quas quia quas provident ea esse.','Iste mollitia provident incidunt perspiciatis aut iste labore sed.','1661959','1974-07-01','806 Boris Road Apt. 733\nDellhaven, WV 61258','Aut neque sunt aut officiis. Asperiores quia magnam quaerat voluptas.',NULL,'3',21),
(22,'nam','Sed aperiam in voluptate facere. Omnis nulla odio facilis aut ex. Aspernatur tenetur laudantium rerum placeat facilis magnam nulla.','Mollitia consequatur exercitationem iusto doloremque incidunt tempore qui.','800493','1971-02-22','455 Beahan Curve\nNew Lydiaton, SC 49900','Eum quia commodi magnam dolor corrupti sed. Inventore atque fuga dignissimos praesentium exercitationem. Iste molestiae et libero nam. Veniam quo quam natus nesciunt quaerat enim minus. Et dolor pariatur adipisci et voluptas nihil aut commodi.',NULL,'9',22),
(23,'et','Suscipit tempore non ab consequatur sunt. Accusantium ipsam consequuntur vitae et. Ut quae modi repellendus error corporis vitae soluta.','Qui quibusdam expedita neque consequuntur laudantium vel facilis.','8','2021-10-29','91649 Turcotte Mill\nNorth Haleighburgh, TX 46345-3159','Aut eum eum saepe molestiae. Quos iusto enim et ut et voluptas nam consequatur. Ad iusto quidem numquam itaque.',NULL,'6',23),
(24,'sint','Ut facilis eius ut molestiae voluptatem non. Delectus dolor molestiae explicabo maxime totam aspernatur. Qui earum maxime doloribus beatae sed quasi labore.','Quidem recusandae autem rerum nisi nisi itaque.','','2018-12-05','811 Karine Parks\nPort Woodrowborough, CT 85651','Aliquam similique provident qui blanditiis quisquam aut harum. Nesciunt unde aut excepturi accusamus. Culpa non quas exercitationem tempora vero quis est. Fuga velit alias ad. Tempore tenetur eligendi veritatis sed saepe.',NULL,'3',24),
(25,'quibusdam','Nostrum error totam aut. Officia qui iste aperiam et. Dignissimos et dolor sint deserunt quia.','Et rerum enim quia est culpa porro minus.','39293086','1992-09-22','35331 Hodkiewicz Junctions\nWest Jenaton, DC 12186','Vero et pariatur ullam molestias et. Non quia aut harum. Soluta omnis laborum magni excepturi. Itaque totam qui est doloribus recusandae.',NULL,'2',25),
(26,'soluta','Optio ut ut illo quae veniam corporis quo. Nobis quibusdam hic nemo aspernatur. Labore ipsam quae voluptatum aut eos provident numquam. Maxime illum dolorem iusto labore est sit.','Qui enim quibusdam eaque veniam.','3','1984-03-02','9721 Wiegand Viaduct Suite 899\nBethton, ND 52704','Delectus quod doloribus modi aspernatur. Voluptatem et eveniet laboriosam ipsam repudiandae ducimus. Sit ea quod ea cumque consequatur nihil laborum. Repudiandae eum eum cupiditate inventore dolorem.',NULL,'',26),
(27,'aut','Et et veniam voluptates nisi quia. Officiis quibusdam quos quae voluptatem cumque quasi ipsa. Sit et eveniet ea enim soluta rerum. Sint voluptatibus et explicabo quisquam assumenda quae.','Harum ut id consequatur aut.','447','1998-08-27','7528 Crona Plains Apt. 215\nNew Andreane, ME 31953','Vel numquam sit ut fugiat quod libero. Quis distinctio voluptatem voluptatum impedit. Pariatur assumenda consequatur non aut iste.',NULL,'1',27),
(28,'est','Impedit vero dolor voluptatem minima molestias numquam ut et. Voluptas saepe saepe et ipsum. Id accusantium dolor nisi sapiente. Debitis qui at voluptatem quia in est.','Recusandae magnam nemo asperiores omnis nobis.','4','2016-02-23','2042 Cristian Oval Apt. 240\nSouth Herminioville, SD 01863','Rem nam porro tempore optio. In ipsam dolorem aut nihil. Voluptatibus non odit laboriosam qui. Libero nesciunt officiis quod amet voluptatem omnis.',NULL,'6',28),
(29,'dolore','Non blanditiis quia facere molestiae illum nam. Voluptate ullam cupiditate voluptatum ut. Sequi ipsa illo et quaerat vel quo eum nobis. Exercitationem dolore autem facere ea.','Voluptatum accusantium quis eligendi quia sequi eaque.','8','1978-08-31','304 Hand Fall\nNorth Nicolette, IA 27263','Eligendi non tenetur autem officiis quos nemo porro. Velit consequatur consequatur nihil ipsum. Quaerat ut fuga modi tempora. Aliquid possimus nulla cupiditate tempore.',NULL,'7',29),
(30,'et','Dolorem aut velit blanditiis delectus. Labore ut quibusdam autem laborum aut provident. Et doloribus iure odio sit rerum in.','Provident provident explicabo debitis fugit.','906892','1992-09-10','2652 Reva Court Suite 634\nProhaskahaven, AZ 78024-0029','Quod quaerat non totam et in hic. Ab dolorem ut odit consequuntur et consequatur. Dicta unde hic quasi. Accusamus cum magni laboriosam distinctio eos. Neque numquam itaque et voluptatem voluptatem.',NULL,'1',30),
(31,'est','Laudantium expedita quod et aut assumenda fuga. Reiciendis aut sed minima. Et beatae accusantium voluptas et. Incidunt est blanditiis aut vel sequi nesciunt.','Modi amet id unde aut modi magni.','58409','2013-08-27','42038 Dave Track\nAronside, GA 30782-0308','Nam sit autem et molestiae expedita cumque. Qui natus a natus temporibus. Nostrum consectetur magni ipsam non reiciendis. Laborum quo corporis officia veniam et in et blanditiis. Nemo sed quis quis eos.',NULL,'7',31),
(32,'quia','Neque ut earum cum at. Ut totam voluptatum neque corrupti molestiae harum dolor. Qui et qui alias eos. Numquam reiciendis aliquam sit qui consectetur officiis.','Aut perspiciatis optio ad quia temporibus similique.','321653','2011-07-23','8738 Emily Grove\nJohnsonborough, AK 27573-5373','Accusantium ut itaque aut nostrum qui. Expedita sit voluptas aut at quis. Aut consequuntur officiis est velit eos expedita. Ratione quidem minima aut occaecati tenetur cupiditate ab sed.',NULL,'5',32),
(33,'doloremque','Quis quisquam nam facere ea placeat. Odit incidunt sint nisi rerum omnis. Quaerat ipsum alias voluptate amet et nam qui. Consectetur aut quos iste rerum dignissimos libero dolor.','Suscipit dolor error sint sit earum debitis.','1226029','1997-09-17','882 Maximo River\nHermannchester, NY 05601','Aliquam deserunt expedita ea fuga quaerat accusantium. Sed vel cumque rerum consequatur distinctio. Architecto sunt non numquam nostrum et.',NULL,'1',33),
(34,'est','Ut explicabo quis suscipit quos exercitationem architecto. Porro sint excepturi aut quia dolorem. Molestiae qui non esse quibusdam et incidunt distinctio.','Facere illum voluptas sint possimus ab.','758765','2002-08-03','40166 Dickens Mountain Suite 314\nWest Genoveva, CA 98384-3502','Excepturi tenetur maiores quos suscipit eum esse fugiat. Sed quis rerum labore occaecati est recusandae. Enim amet alias expedita quas autem dolor est deserunt.',NULL,'1',34),
(35,'rerum','Voluptatum eos harum ex voluptatum corrupti ipsa omnis earum. Sunt est architecto iure sunt. Odio libero non tempora veritatis dignissimos. Voluptas eveniet sed omnis natus.','Doloremque ea illum voluptas non cupiditate cum.','15240607','2009-10-19','6788 Sheridan Turnpike\nNorth Rosina, WY 84591-0437','Est harum quo in id. Illum voluptatibus dolor minus consectetur sapiente exercitationem repellendus. Voluptas inventore libero non dolore et nesciunt et. Ex qui beatae at vero aliquid molestias nam.',NULL,'2',35),
(36,'eos','Exercitationem et cum iste quo assumenda repellat nihil. Rerum eius et omnis dicta. Quis repellendus aut beatae rem ad. Occaecati modi ullam labore aut cumque porro reprehenderit.','Sequi ab iusto eaque totam perspiciatis in.','','1989-12-09','58027 Lockman Mountains\nLeonoraview, RI 54946','Labore similique voluptatibus dolor fuga consequatur eaque maiores. Est minima dolores unde repudiandae dolor libero itaque rerum. Qui ut laboriosam nihil sunt.',NULL,'4',36),
(37,'fugiat','Nulla iure fugiat accusantium fuga dolor numquam sit praesentium. Rerum eum necessitatibus rem dolores non tempora ex. Cupiditate commodi quia ut nihil aut qui. Sed ea debitis enim sit.','Aspernatur numquam nihil sit libero labore nihil sed.','400841585','1992-08-04','9910 Jamaal Stravenue Suite 280\nRaynorbury, PA 12944-7761','Perspiciatis tempore eos autem iure excepturi vel. Ipsa et quis id ut. Maxime non exercitationem cupiditate dolorem.',NULL,'8',37),
(38,'est','Totam at animi illo quae. Enim accusamus est accusantium beatae atque. Cum accusamus voluptatem aut iste rerum ut. Harum ut ut exercitationem beatae autem magni.','Molestias quia et consequatur consequatur vitae ea.','6104','1994-12-04','96419 Jewel Pike Apt. 869\nEast Demarcohaven, SD 67159-4061','Voluptate voluptatem ratione velit quaerat facilis quidem perferendis. Nihil quia non animi ea nemo laborum deserunt. Laudantium quis iusto autem aut.',NULL,'3',38),
(39,'eligendi','Eaque repellat quia ratione sunt non iure soluta labore. Ea quae voluptates voluptatem explicabo facilis quaerat quo corporis. Nisi sit qui vitae.','Est magni corporis voluptas consectetur.','5','1972-04-30','8545 Athena Manors Suite 107\nEast Theaside, ND 42100','Sed rem rerum quae ipsum temporibus. Odit ut cumque quia neque dolor beatae ipsum. Soluta ab maxime corporis sapiente et eligendi. Ut optio voluptatum iste exercitationem eligendi.',NULL,'7',39),
(40,'cupiditate','Voluptas hic distinctio sit optio qui dolor. Mollitia ea velit numquam accusantium animi sint. Distinctio consequatur ut iste sed error nemo. Vel et fuga dolor aut voluptatibus rerum tempora eum.','Explicabo cumque eos excepturi veniam quidem.','89506345','2011-12-29','5152 Liza Freeway\nAdamshire, NC 71897','Tempora ut nostrum repellendus qui earum vel. Numquam enim doloremque autem deserunt vitae. Ut voluptatum aliquam sit architecto explicabo ut.',NULL,'9',40),
(41,'qui','Adipisci ea dolore voluptatibus temporibus accusamus quod. Accusamus et quisquam praesentium qui. Qui at eligendi laboriosam.','Itaque nobis vitae iure et voluptatem accusantium sed.','845657314','1973-07-23','004 Margarita Plains Apt. 107\nNew Kalimouth, SD 60434','Ut placeat sed dolor. Sunt quia exercitationem alias ipsam et cupiditate. Fugit dicta repellendus voluptas consequatur quis. Pariatur ex nostrum earum. Repellendus fuga ullam dolore occaecati dolor fuga quis.',NULL,'9',41),
(42,'repellat','Eos neque consequatur quam. Placeat et consequuntur tempore et amet animi amet. Illo aperiam quia deleniti qui. Alias dolorem unde quam eligendi. Veritatis voluptatum consequatur sed quia et at unde quaerat.','Sint natus adipisci a blanditiis dolor incidunt assumenda ducimus.','6932','2004-06-11','928 Rickie Turnpike\nMaggioshire, KS 90247-2723','Tempora minus et ut quos. Suscipit atque molestiae similique et quos iste aperiam qui. Ea optio eos tempore quo blanditiis.',NULL,'',42),
(43,'temporibus','Eos eligendi incidunt vitae recusandae. Est dolore neque iure. Culpa qui sapiente occaecati tempore et quia. Harum rerum officiis voluptates ducimus laboriosam et.','Voluptas alias rerum inventore nulla excepturi voluptatum fugit.','2216717','2011-11-21','38025 Edwin Street\nSporerborough, VA 30455-6227','Molestias distinctio atque tempora nemo repudiandae maxime vero. Nesciunt iure necessitatibus debitis excepturi. Quis ipsum et vel.',NULL,'4',43),
(44,'repudiandae','Dolor vel ea ipsam sed quia incidunt. Consequuntur sit a reiciendis culpa assumenda voluptate rerum. Iste officiis est velit eveniet. Asperiores et omnis delectus incidunt est qui dolorem.','Voluptatum eos quasi tempora nemo id.','2','1988-10-11','990 Alysa Walk\nArvelchester, NE 41739','Placeat voluptatem quae velit. Non debitis quam corrupti ea qui excepturi. Sapiente magni quibusdam consequatur sed quae. Nihil qui rerum in quos at sunt.',NULL,'9',44),
(45,'qui','Deserunt possimus est sunt asperiores recusandae quis quis. Eius sequi dolor voluptatibus aliquam tempora et et. In commodi ipsum voluptatem iusto eum id consequatur.','Velit vitae voluptas placeat nam.','5','1983-03-16','1504 Caleb Land\nCaspertown, AR 41267','Officiis veniam dolorum harum. Aliquid laboriosam vel quisquam.',NULL,'2',45),
(46,'dolorem','Est id nobis excepturi provident molestiae rerum excepturi. Placeat eos numquam reiciendis explicabo error laudantium aut. Nam minima voluptas nisi perferendis.','Nisi porro eius rerum omnis iure.','','2006-01-31','2430 Randi Drives\nVergiestad, KS 98824-5362','In velit voluptas qui rem optio rerum. Rerum incidunt et nihil qui voluptatem et fuga.',NULL,'8',46),
(47,'enim','Ea sit neque voluptatem temporibus possimus nemo. Tempore nulla et aliquid alias. Sunt est rerum exercitationem debitis a eos molestiae. Impedit qui ab rem omnis incidunt dolorem corrupti.','Vel eveniet voluptatum consequuntur.','54402411','2000-01-26','443 Nathaniel Stravenue\nMcDermottfort, AK 51503','Nemo et at quia facere fuga. Reiciendis voluptas quam veritatis deserunt magnam. Nam sint qui eum et quasi commodi. Eos laudantium culpa earum eligendi excepturi recusandae.',NULL,'3',47),
(48,'vero','Sed eveniet nostrum vel soluta facilis veritatis. Rem accusamus fugiat rerum sapiente. Repellendus quo neque et sunt sed. Et omnis est temporibus doloribus est.','Officia voluptates incidunt voluptatum eum.','4','2016-10-09','7761 Anabelle Avenue\nDachshire, AZ 71080','Aliquid nihil est repellendus rerum sequi asperiores ut. Et esse doloribus rerum asperiores quasi in quia. Et itaque consectetur modi.',NULL,'6',48),
(49,'possimus','Dolores laudantium perspiciatis fuga nemo nihil fuga. Aut quo quod molestias. Cupiditate maxime in voluptatem quo nihil consequatur quod. Cupiditate similique alias occaecati debitis et incidunt. Voluptatem nemo recusandae voluptatibus deleniti fuga id qu','Et autem ut sed et.','','2006-04-06','388 Christiansen Corner Suite 932\nLake Marcos, CO 59283','Debitis voluptas quia occaecati. Perspiciatis accusantium harum perferendis. Corporis qui ducimus commodi perspiciatis illo modi incidunt. A soluta distinctio doloremque perferendis.',NULL,'8',49),
(50,'provident','Maxime beatae consectetur odio dolor explicabo. Commodi autem debitis perspiciatis laborum et nisi. Debitis ea tempora et consequatur eum voluptatem praesentium.','Voluptatem esse aut modi animi.','48','2000-06-29','469 Jaydon Neck Suite 607\nLake Destany, AL 83374-3330','Quo doloremque ipsa eius numquam vel. Est vero et maxime quaerat dignissimos. Rerum beatae repudiandae aut eius aut. In unde magnam officia repudiandae consequatur autem.',NULL,'6',50),
(51,'ratione','Quisquam mollitia tempore ullam sit sunt odit est. Voluptatum corrupti saepe at doloribus possimus. Dolores veritatis unde id sint sint ipsam. Est doloribus minima nemo nisi deleniti sit unde saepe.','Consectetur sequi a sit sapiente quod.','6','1996-08-17','6061 Maggio Row Suite 256\nBrandyshire, NC 40855','Nobis at repellat quidem et optio non. Cum suscipit consequuntur nobis. Aliquam perspiciatis optio in odit qui asperiores totam quae.',NULL,'9',51),
(52,'qui','Quisquam officia non eum qui a quos officia neque. Veritatis sint rem deserunt ut. Dicta distinctio eligendi dolores qui ullam.','Omnis pariatur exercitationem eveniet recusandae unde modi eius.','237','1993-01-13','8573 Ardella Summit\nAidamouth, AK 53284-0705','Porro assumenda consequatur esse molestiae a sint molestias. Et illum accusantium alias possimus vitae sunt. Quisquam quidem dolore minima ut. Odit non facilis nam maiores rem.',NULL,'2',52),
(53,'error','Ratione reprehenderit voluptatem et excepturi sed. Assumenda nisi consequatur facilis et ad laudantium soluta. Ex minus magni aliquam reiciendis. Et aut dolor officiis provident magnam.','Quam rem similique hic iste.','5596','1994-06-01','403 Blanda Way\nPort Edwardo, AR 76862-9632','Commodi quibusdam sed possimus nemo facilis ut optio. Aliquam ea ad provident ea ipsam et. Ut quia quibusdam aut omnis vitae ut minus aut. Nisi natus autem culpa beatae dignissimos possimus aut.',NULL,'4',53),
(54,'nulla','Assumenda accusamus sed corporis omnis accusantium et natus aut. Asperiores reprehenderit aut voluptatem molestiae. Hic rem quia perspiciatis ut voluptatibus eos ut qui. Et nihil accusamus nam doloribus inventore quibusdam et optio.','Nisi possimus voluptas vero perferendis non dolores.','80191','1978-03-06','193 Larson Ports\nSouth Blakeberg, DE 12538','Dolorum unde architecto esse aliquid est similique voluptate. Fuga sit minus aut ea ullam. Voluptas est dolor recusandae temporibus error qui quod. Minima pariatur consequatur fugit repellat et in. Nam quia ea optio recusandae soluta autem corrupti.',NULL,'8',54),
(55,'officiis','Sint quo soluta dolor est nemo voluptates. Quibusdam optio libero suscipit. Quaerat laborum iure molestiae repudiandae soluta magnam iure. Ut dolorum ipsam laudantium laboriosam odio quos voluptatibus.','Et ea quae iste sapiente aperiam.','576714','2005-05-07','8387 Bergstrom Cape Suite 222\nRohanville, AZ 20454-7514','Consequatur blanditiis eos itaque sed rerum sed vitae. Consequatur quibusdam nemo nesciunt ea. Et qui voluptatem ad non voluptate accusantium enim. Delectus dolorem libero perspiciatis non nostrum autem.',NULL,'',55),
(56,'exercitationem','Quia dicta quia praesentium praesentium repellat. Et dolorem veritatis magni labore. Error hic qui facere nesciunt aperiam ipsum praesentium.','Ea sit libero aut velit officia maxime.','5607','1997-10-23','175 Bridie Causeway Apt. 918\nKaylietown, WY 19522-8696','Quis rerum velit voluptatem ipsa molestias eius et. Ad aut eos enim eveniet aut. Enim hic commodi aliquam qui earum sit veritatis.',NULL,'',56),
(57,'doloremque','Labore eos placeat reprehenderit. Rerum officia et aut aut qui. Fuga velit qui perspiciatis ipsam temporibus qui.','Necessitatibus sed tempore quasi.','86223508','1978-10-09','663 Murazik Key\nPort Sylvan, MD 79889','Nisi pariatur quis dolor vero. Sed voluptate perspiciatis provident voluptas totam voluptatibus. Quis illo soluta aut aut. Iusto dolores illo qui explicabo excepturi id.',NULL,'8',57),
(58,'repellendus','Sit ad molestiae et voluptas tempore. Consequatur aut commodi hic quia. Nesciunt aliquid repudiandae consequatur similique itaque. Ut doloribus qui similique at id. Ut beatae reiciendis et ut minima.','Eum omnis nihil inventore officiis rerum praesentium nisi.','69652048','1970-08-09','07042 Corwin Mill\nZiemannfort, KS 31847','Consequatur autem quis aut rem. Cupiditate dolorum consectetur modi id architecto. Deleniti qui ipsam earum eos. Voluptatibus quod culpa laudantium consequatur aspernatur est laborum.',NULL,'8',58),
(59,'sunt','Beatae rerum est quo illo et. Ad sed dolor omnis fuga omnis voluptate ut. Laboriosam corrupti voluptas eligendi eum fugiat illo enim rerum. Sequi amet vitae non id ut at nihil.','Dolor placeat et quia animi corrupti veniam.','6542','2009-04-03','026 Delia Road\nBlairside, ME 35718-4632','Eos facere libero rerum beatae deserunt inventore doloribus dolorem. Consequuntur fuga laudantium consectetur possimus vel mollitia nemo. Velit et sed quod officiis sint magni ipsa voluptates. Repudiandae perferendis voluptas delectus sint.',NULL,'4',59),
(60,'quae','Itaque quam aut nam quae ipsam temporibus iusto vel. Nulla adipisci repellat aut aut aut. Mollitia in eos recusandae. Sed ut possimus vel voluptate commodi distinctio ut doloremque.','Harum ipsam saepe voluptas omnis.','361983','1999-04-09','8819 Kuvalis Mountain Apt. 546\nNew Forrest, LA 46175','Exercitationem qui mollitia et enim neque quis autem. Accusantium autem consequuntur maiores sit accusamus ut. Illum nihil accusamus quis facilis incidunt mollitia.',NULL,'2',60),
(61,'eveniet','Perferendis delectus commodi deleniti consequatur vel magnam aut. Dolores et eligendi quasi aut. Officia harum dolore voluptatem dolore. Incidunt eaque rerum eum alias tenetur nisi.','Ex ullam voluptatem eveniet et.','1240672','2020-09-09','813 Ericka Hills Apt. 245\nDerickfort, DC 19877-9916','Commodi est et voluptas eum odit voluptatem autem laboriosam. Et voluptatem officia pariatur et quibusdam. Vero iusto facilis mollitia.',NULL,'6',61),
(62,'nobis','Quam quisquam enim aperiam ut. Ducimus quis sint optio. Quaerat repellendus ducimus praesentium. Assumenda laboriosam aut quo molestiae est.','Neque sit nam exercitationem quaerat sint consectetur magni perferendis.','6278','1982-05-28','3872 Janiya Alley Suite 643\nEast Jarod, IL 88186-2916','Ut sapiente omnis aspernatur dolore eaque velit. Veritatis quod delectus aut occaecati. Perferendis nobis eius sit omnis neque qui magnam. Et neque quis amet assumenda a.',NULL,'',62),
(63,'enim','Et debitis dolores ipsum officiis omnis minus. Porro sapiente hic enim quo occaecati. Autem aut autem enim fugiat quas eligendi ut. Earum autem minus quo quidem et cum praesentium temporibus.','Eos excepturi dolores maiores iure quia ullam deleniti.','77647112','2008-09-18','993 Pollich Canyon\nDeontaeburgh, MD 88708','Iure magnam sit amet deserunt maiores et. Rerum eveniet sunt necessitatibus. Ea fuga error quis dignissimos vel. Omnis adipisci commodi praesentium.',NULL,'3',63),
(64,'sed','Impedit nobis aut est eius excepturi. Enim in ullam repellat illum sint explicabo.','Voluptatem eaque atque omnis ipsam.','150863208','2020-03-29','920 Ryan Square\nNew Amos, NY 57496-1994','Ipsum tenetur id ea facere et. Maiores aut quia sunt sit at. Natus voluptatem officiis molestias unde. Ipsa unde dolores asperiores fugit ut aut.',NULL,'2',64),
(65,'saepe','Recusandae id itaque quis dignissimos tempore omnis assumenda. Rerum earum enim et non. Ipsum at suscipit provident assumenda blanditiis ex.','Id facilis sed et dolorem eum doloremque.','720266','1999-05-28','633 Bins Summit\nEast Brycenton, TN 42827','Et voluptatibus exercitationem nihil illum. Temporibus culpa tempora consectetur consectetur perferendis. Laboriosam illum sed aut ipsa quis consequatur non et. Est ut fugiat beatae veniam dolores.',NULL,'7',65),
(66,'voluptas','Voluptate tempora vero dolores aperiam et. Harum quia nemo ut hic in. Nihil nulla rerum sed. Accusamus eum excepturi rem repudiandae.','Nemo voluptas quo consequatur aliquam nisi et.','3143040','1991-04-24','3134 Barton Manors\nEast Roberto, ND 46619-9624','Animi assumenda voluptatem labore possimus. Sit enim recusandae vel et et blanditiis ut. Sed nulla ea repellendus placeat. Temporibus error est corrupti.',NULL,'2',66),
(67,'molestiae','Tempore unde quo mollitia veniam ipsa sed est. Minima impedit quo nostrum necessitatibus nesciunt dolor aut temporibus. Quia reprehenderit et aut incidunt nemo repudiandae vitae. Ex rerum unde sunt omnis facilis recusandae voluptate.','Ea dolorem voluptatibus incidunt distinctio illum sed aut et.','8','1992-01-26','610 Hillard Lock Suite 462\nCartwrighttown, UT 81825-1351','Voluptatum aliquam optio id voluptas aut. Vel culpa ut assumenda natus neque. Ea illo numquam sit velit laudantium. Dolorem voluptatem cum consequatur ut eligendi.',NULL,'1',67),
(68,'maiores','Consequatur non optio repellat id aut accusantium. Ducimus exercitationem enim sed nihil rerum ipsam et. Id voluptas occaecati sint quos eius.','Aut nihil nobis et similique deleniti error.','81743','1973-06-02','4621 Crona Oval Suite 303\nLake Elias, CA 06833','Et voluptatum quia laborum sed minima animi. Sit incidunt nesciunt et totam non. Velit voluptates ut quae.',NULL,'8',68),
(69,'quidem','Neque omnis cum tempora maiores numquam facilis quia. Commodi explicabo quia et eos totam. Ea ducimus beatae quaerat. At enim tenetur laboriosam ipsam molestiae voluptatum.','Sed et eligendi odit amet doloremque ipsa voluptatem porro.','3','2020-05-12','7191 Candida Islands\nNew Joel, DE 71438-1921','Debitis reprehenderit a deleniti omnis aut ea atque. Quidem ipsa perspiciatis id sit maxime enim. Non velit suscipit sunt rerum sit architecto totam. Temporibus fugit animi assumenda pariatur.',NULL,'3',69),
(70,'quia','Sed voluptates qui hic tempore qui illo asperiores. Labore quae laborum illo quis. Inventore deleniti non eum enim dolor. Aut a blanditiis quia.','Suscipit provident libero dolore non dignissimos.','200','1974-04-22','8690 Anderson Viaduct\nNew Lilyanville, DE 66352','Vel nihil nisi et cumque nobis excepturi. Consequatur voluptas explicabo accusamus eum cupiditate voluptas esse. Qui quia modi dolor facere. Iure ratione sed dignissimos.',NULL,'',70),
(71,'eos','Delectus velit est adipisci voluptas suscipit minus. Eum tempore maiores harum minima quasi neque est necessitatibus. Corrupti voluptas illo error temporibus. Dolorum neque quo sed.','Sunt sit odit dolores veniam qui.','40','2018-05-27','80722 Kulas Plains\nRessieshire, NV 08970-8212','Magni aut adipisci doloribus vero et. Maiores vel dolorem nemo dolores. Officia et quis omnis est.',NULL,'7',71),
(72,'occaecati','Aliquid cumque ipsam libero quaerat voluptatem error. Optio labore tempora illo necessitatibus voluptatem exercitationem est. Ut atque in animi corrupti.','Ducimus voluptatem consequatur voluptatibus iure eveniet sit corrupti.','153','1990-04-01','78306 Frami Walk\nSouth Judestad, FL 55894','Qui eaque doloremque omnis cumque aut. Eaque qui assumenda sunt.',NULL,'3',72),
(73,'facere','Velit incidunt provident dolorem molestiae illo sed sed. Id ipsam possimus id nostrum dolor. Perspiciatis nostrum autem corrupti assumenda.','Quasi veniam veniam deserunt illum minus enim.','24','2005-09-30','59560 Mattie Roads Apt. 367\nWest Chloeside, NY 28052-1730','Deserunt fuga omnis deserunt repudiandae. Corrupti adipisci vel sit ipsa neque. Qui ipsum adipisci aut ab. Hic voluptatem in ut reprehenderit. Perspiciatis veritatis ab ullam aliquid ipsum debitis.',NULL,'7',73),
(74,'accusamus','Sed maxime similique incidunt dicta minus quidem nemo. Qui velit est qui et. Veniam et harum consequatur velit aspernatur minima illum.','Quisquam voluptate velit voluptas ipsa.','23567','2009-07-01','002 Keebler Rest\nAntoniafort, IA 09584','Maxime nemo et ut eum. Sit dolores vero nulla sed et temporibus. Minus ea quibusdam ea tenetur ex porro.',NULL,'6',74),
(75,'odio','Est sed officiis et. Blanditiis sint est et totam earum et. Ratione dolorem eius et atque. Ut eius deleniti reiciendis natus.','Voluptatem architecto nam ea nam ipsa ut.','4930981','1971-08-25','58738 Kelli Crescent Suite 480\nNorth Moshe, WV 82403','Consequatur deserunt nihil temporibus accusantium id ut maxime. Eaque ad non voluptas asperiores nihil ut ea quod. Voluptatem velit quia alias voluptatem eum. Molestiae velit eligendi magnam facere quo.',NULL,'',75),
(76,'officiis','Minima rerum facilis rerum illo ea. Ut in sequi nihil vitae fugiat eos. Dolore velit non quae.','Atque ullam accusamus magni iusto cum.','13','1973-02-12','15846 Timmothy Corner Suite 566\nNew Stanley, HI 46851-3200','Ducimus voluptas qui assumenda dolor et eligendi. Accusantium ex aspernatur nesciunt totam quia dolores. Qui libero delectus quibusdam nulla. Cumque excepturi qui consequatur quae porro earum et.',NULL,'9',76),
(77,'temporibus','Officiis sunt voluptatem laborum quia et numquam. Libero omnis totam voluptatem. Unde sint vero qui est ut. Est assumenda quod dolorum itaque.','Sed asperiores ducimus expedita.','38','2004-05-13','2011 Hettinger Port\nLeonemouth, AL 42602','Distinctio quis ex laboriosam quisquam necessitatibus. Aspernatur eveniet et quaerat adipisci non. Dolorem autem cum aut consequatur ut. Est sunt praesentium commodi.',NULL,'1',77),
(78,'in','Quo voluptas blanditiis et et veniam ab. Voluptatem veniam libero voluptas quisquam. Provident facere vero velit sapiente.','Non facere et quasi occaecati atque eveniet dolor.','886','1996-12-14','90393 Hoeger Light Apt. 562\nPort Frank, TX 56001','Aspernatur cupiditate repellendus tempore ipsa. Eum dicta facilis libero quis iste nihil nobis. Iste praesentium ea delectus molestiae eum soluta ducimus inventore.',NULL,'4',78),
(79,'iure','Soluta corporis maiores autem ea. Ab fugiat soluta omnis asperiores laudantium. Neque aut voluptates unde illum sint sapiente iste.','Sed autem voluptatum quasi et voluptatem consequatur vel.','689106072','1984-04-08','924 Schaefer Pines\nLake Daleside, IL 50898','Adipisci totam totam ullam rerum. Sint laborum dignissimos earum sed perferendis.',NULL,'9',79),
(80,'quia','Veritatis illo non quia molestiae ea ab nulla. Et libero maxime voluptas asperiores. Magni quia vel magni eaque.','Fugiat sequi et quidem omnis qui.','50','2016-06-12','108 Brain Junctions Suite 545\nMitchellberg, MN 13306-4620','Nihil et temporibus est nobis dolor ut qui. Et earum facere similique et cupiditate eum facere. Exercitationem cum voluptatibus ea distinctio fuga quos occaecati.',NULL,'1',80),
(81,'animi','Non quaerat adipisci voluptatem magnam officia aut. Laborum sint id est ex facere voluptatibus. Eum eligendi autem maxime sunt et unde impedit. Nam adipisci dolor incidunt dolores consectetur.','Sint et officiis itaque dolorum.','43424','1989-12-01','9543 Beryl Corner\nWest River, CO 63482','Repellendus repudiandae asperiores qui nisi repudiandae quis sit. Eveniet corporis dolores omnis voluptatem sed quas voluptatem. Odio consequatur ullam suscipit quia qui.',NULL,'2',81),
(82,'esse','Magni laudantium non voluptas esse. Quisquam nihil minus minima maxime molestias perferendis.','At pariatur totam unde culpa non odio quae.','42854','2011-01-30','465 Jany Route\nEast Marcoside, AL 60020','Et nemo est quasi optio. Tenetur temporibus voluptatem tenetur assumenda. Aperiam magnam et rerum nulla autem non reiciendis. Voluptas qui sit sed repellendus iusto deserunt iusto.',NULL,'9',82),
(83,'laboriosam','Voluptatem quibusdam similique qui optio. Laboriosam occaecati et ad rerum suscipit nesciunt praesentium.','Temporibus officia qui repudiandae numquam consequatur veniam maxime.','14435923','2004-12-14','0549 Jast Orchard\nNorth Ricoside, SC 10692','Ut nihil tenetur tempora sint. Molestiae sunt et omnis id.',NULL,'2',83),
(84,'sed','Distinctio nemo culpa nihil quis maxime accusamus ullam. Harum voluptate at laudantium ratione aut voluptatum. Enim repellat corporis dignissimos beatae sed.','Qui adipisci voluptate nobis.','50305403','2012-04-05','184 Chet Lodge Suite 798\nSouth Ariel, MI 52163-1655','Quo veniam ut dicta nihil. Quia iste ea minus non deleniti mollitia quia. Quisquam vitae repellat voluptatem libero quia quibusdam. Mollitia est rerum nulla in ut.',NULL,'1',84),
(85,'autem','Laudantium sint nesciunt perferendis nam qui. Eos inventore minus repudiandae nostrum quae. Et vero temporibus omnis animi laborum ea.','Neque autem atque odio deleniti deleniti maxime.','','1986-06-19','350 Stoltenberg Camp Suite 284\nNew Kaylinberg, NE 68540','Blanditiis nam id molestiae. Et ut totam voluptatibus aut praesentium necessitatibus. Est omnis cum officia molestiae illo dolorem aliquid minus.',NULL,'6',85),
(86,'et','Assumenda asperiores laboriosam est nesciunt quo dolor. Rerum accusantium non est quis voluptas ducimus.','Distinctio corporis deleniti consectetur autem quis ut.','99','1972-10-12','4114 Littel Route\nWilhelminehaven, NH 10698-8265','Inventore iure facilis quis exercitationem et. Voluptate fugiat ipsa atque voluptatum occaecati impedit.',NULL,'1',86),
(87,'alias','Aut quis sed tempora saepe molestiae aut. Porro quisquam quia nesciunt aut voluptatem sit et. Ut et ut et corporis. Ex in quas deleniti dolor alias architecto.','Sed quo at odit voluptas atque exercitationem quos nam.','1174715','2004-04-05','4456 Sauer Burgs\nEast Staceyport, OH 95041','Reprehenderit odit eveniet suscipit deserunt voluptatibus nesciunt. Id doloremque aliquid tempora sint. Accusamus blanditiis magni est unde perferendis officiis deserunt in.',NULL,'7',87),
(88,'quo','Placeat sit quae dolorem nobis alias itaque. Qui et explicabo amet id non est quo. Illo aperiam officiis quod ut qui debitis. Minima hic eum voluptates porro sunt perspiciatis. Ab sunt quia fuga velit omnis aperiam esse.','Accusantium ut at consectetur blanditiis facere provident qui rem.','4245','2018-02-26','4231 Mariana Square\nZoilaside, AZ 94633-0524','Ut et et voluptas esse dolor aut enim. Tempore porro impedit est aut voluptatem pariatur. Accusamus consequatur tempora esse est et laboriosam. Odit repellendus consectetur repellendus placeat eos maxime ut.',NULL,'9',88),
(89,'dolores','Dolores est soluta dolore odio. Aut dignissimos ullam praesentium occaecati.','Qui illum et modi quos modi ut iure.','10876','2001-02-09','3444 Kade Court Apt. 534\nBernhardmouth, GA 92115-1770','Soluta culpa voluptatem fugit sit dolor accusantium. Vitae maxime quo iste voluptatem asperiores reiciendis. Nobis architecto quam dolor. Delectus quae id dolores dolor culpa.',NULL,'2',89),
(90,'aliquid','Quia eum quia quis cupiditate ex omnis. Pariatur asperiores ut quaerat cumque. Corporis minima cumque repellat reprehenderit itaque.','Cum doloribus delectus et inventore.','917306','1990-09-21','7274 Laron Isle\nBraunton, PA 50213','Et optio id in non temporibus sint ut. Nobis sint voluptates quo nostrum totam. Commodi excepturi architecto et dolor facilis autem reiciendis. Modi sapiente quia eius eius ex. Dolorum maxime quisquam voluptatem inventore culpa.',NULL,'2',90),
(91,'dolorem','Laudantium dolorem assumenda beatae nostrum sapiente debitis. Quam dolor et reprehenderit maxime. Deleniti ratione vel debitis accusamus.','Consectetur eum nam non unde dignissimos.','4548281','1973-01-27','1542 Sawayn Row\nHollymouth, NV 77442','Sed aut sint delectus occaecati voluptatem. Aliquam quia repellendus perferendis quod. Et voluptatem dolorem mollitia sint hic. Quaerat voluptatem eum quia at quod.',NULL,'6',91),
(92,'est','Ut non dolorem quibusdam voluptatem et. Iusto culpa quis placeat consequatur repellat quis. Culpa maiores veniam aut nulla. Non itaque perferendis repellendus molestiae incidunt debitis.','Omnis dolor necessitatibus quae odit illum error hic.','89960189','1973-07-23','8048 Erna Lodge Suite 039\nAbshiremouth, CT 96961','Est et maiores maxime numquam aut. Nemo aut sint et. Nihil porro nihil expedita architecto autem.',NULL,'6',92),
(93,'quo','Saepe est eos in aut enim magnam. Sint sequi alias doloremque qui qui. Neque veritatis voluptate dolor quod ut.','Fugit consequatur quia dignissimos et nulla dicta.','','1973-11-25','821 Dana Coves\nQuitzonberg, ND 87090','Laboriosam dolores nihil nulla in id qui. Dolorem in fugiat occaecati natus quam. Eligendi consequatur neque debitis repellat consequuntur sint et. Ut sit et repellat sunt laborum.',NULL,'9',93),
(94,'numquam','Veritatis aut eos quod aperiam eius impedit cumque. Voluptatem sapiente ut et et delectus itaque. Vel sed illum accusamus amet esse recusandae. Itaque est maxime dignissimos exercitationem sunt quo iste.','Et ut est accusantium voluptatum nobis provident.','4741906','2000-09-15','7815 Lucius Way\nSimonebury, WI 02025-1147','Voluptatem corrupti quos amet. Enim quis itaque rerum. A laudantium quo voluptatum maiores vel qui.',NULL,'3',94),
(95,'maiores','Non dolor consequatur in est quidem animi. Nesciunt voluptatem dolorem incidunt iure eos sequi veritatis.','Ipsa saepe sunt optio iusto quos.','763','2018-10-09','9754 Mertz Rest\nSatterfieldfort, CA 02622','Pariatur sapiente dicta saepe dolorum qui soluta. Qui deserunt suscipit autem ab tenetur similique laborum. Fugit facere quis numquam odit. Aut suscipit recusandae quia qui nihil. Ut vel totam laboriosam omnis earum odit.',NULL,'6',95),
(96,'temporibus','Sapiente possimus sit praesentium. Sunt quidem blanditiis quam aut. Sunt quae sequi et culpa dolorem fugiat. Quia temporibus error sunt.','Omnis ea nihil sapiente qui.','9','2019-08-21','3609 Hodkiewicz Knolls\nGarryberg, MT 20049-5192','Eveniet incidunt facere non fugit totam eaque dolorum reiciendis. Accusamus consectetur eaque aut ea. Ex aut ipsam dolores quam dolores eos animi quas.',NULL,'6',96),
(97,'natus','Qui beatae voluptatem molestiae labore dolore fuga molestias. Tenetur et laudantium itaque. Consequatur quia et ipsum nobis consectetur tenetur vel.','Sapiente assumenda tenetur eveniet omnis facilis est exercitationem.','3150','2021-01-21','4896 Moore Port\nWest Brandynland, OK 68144','Quasi recusandae accusamus ad rerum. Doloribus totam aut accusamus et. Perspiciatis doloremque fugiat facilis tempore nostrum voluptatem animi id. Optio velit optio sunt quia nemo.',NULL,'4',97),
(98,'non','Ut alias qui inventore omnis. Rerum animi voluptas eos voluptatibus deserunt voluptatibus. Quo eius ab non illo id. Porro amet ut repellat voluptatem neque.','Aperiam minima necessitatibus aliquid deleniti.','60384777','1978-06-27','803 Reichel Manors Apt. 538\nLabadiemouth, OR 92863-8495','Magni velit corporis impedit dolore veritatis aut quidem. Similique ad magni quae ipsa voluptas. Nam doloremque velit quos. Corrupti possimus dolorum numquam ducimus rem quia amet nobis. Recusandae excepturi sint aliquid enim aut et et consequatur.',NULL,'',98),
(99,'est','In ex aut magnam maxime. Rerum aut qui et dicta sit perferendis. Cumque aperiam aut doloremque et dolores omnis. Repellat perferendis est alias omnis.','Eligendi molestias amet eum eum.','','1999-08-19','316 Upton Parkway\nEast Gunnarhaven, GA 15819','Necessitatibus quisquam aut et. Est consequatur nisi omnis rerum. Porro et est qui quo et et vitae. Id sint nesciunt et modi sint ipsum sint.',NULL,'3',99),
(100,'inventore','Nostrum molestiae libero exercitationem natus dolor. Quaerat quo adipisci rem autem illo sunt. Placeat veniam est nihil laboriosam.','Dolore ea laboriosam atque commodi enim omnis.','8','2015-02-02','84122 Gordon Garden Suite 623\nKreigerview, AR 60525','Est quis illo ullam quis voluptatem non. Enim aut delectus earum vitae consequatur. Eveniet ipsam numquam cum impedit aut.',NULL,'1',100);



INSERT INTO `JobsTags` (`job_id`, `tag_id`) VALUES (1, 1);
INSERT INTO `JobsTags` (`job_id`, `tag_id`) VALUES (2, 2);
INSERT INTO `JobsTags` (`job_id`, `tag_id`) VALUES (3, 3);
INSERT INTO `JobsTags` (`job_id`, `tag_id`) VALUES (4, 4);
INSERT INTO `JobsTags` (`job_id`, `tag_id`) VALUES (5, 5);
INSERT INTO `JobsTags` (`job_id`, `tag_id`) VALUES (6, 6);
INSERT INTO `JobsTags` (`job_id`, `tag_id`) VALUES (7, 7);
INSERT INTO `JobsTags` (`job_id`, `tag_id`) VALUES (8, 8);
INSERT INTO `JobsTags` (`job_id`, `tag_id`) VALUES (9, 9);
INSERT INTO `JobsTags` (`job_id`, `tag_id`) VALUES (10, 10);
INSERT INTO `JobsTags` (`job_id`, `tag_id`) VALUES (11, 11);
INSERT INTO `JobsTags` (`job_id`, `tag_id`) VALUES (12, 12);
INSERT INTO `JobsTags` (`job_id`, `tag_id`) VALUES (13, 13);
INSERT INTO `JobsTags` (`job_id`, `tag_id`) VALUES (14, 14);
INSERT INTO `JobsTags` (`job_id`, `tag_id`) VALUES (15, 15);
INSERT INTO `JobsTags` (`job_id`, `tag_id`) VALUES (16, 16);
INSERT INTO `JobsTags` (`job_id`, `tag_id`) VALUES (17, 17);
INSERT INTO `JobsTags` (`job_id`, `tag_id`) VALUES (18, 18);
INSERT INTO `JobsTags` (`job_id`, `tag_id`) VALUES (19, 19);
INSERT INTO `JobsTags` (`job_id`, `tag_id`) VALUES (20, 20);
INSERT INTO `JobsTags` (`job_id`, `tag_id`) VALUES (21, 21);
INSERT INTO `JobsTags` (`job_id`, `tag_id`) VALUES (22, 22);
INSERT INTO `JobsTags` (`job_id`, `tag_id`) VALUES (23, 23);
INSERT INTO `JobsTags` (`job_id`, `tag_id`) VALUES (24, 24);
INSERT INTO `JobsTags` (`job_id`, `tag_id`) VALUES (25, 25);
INSERT INTO `JobsTags` (`job_id`, `tag_id`) VALUES (26, 26);
INSERT INTO `JobsTags` (`job_id`, `tag_id`) VALUES (27, 27);
INSERT INTO `JobsTags` (`job_id`, `tag_id`) VALUES (28, 28);
INSERT INTO `JobsTags` (`job_id`, `tag_id`) VALUES (29, 29);
INSERT INTO `JobsTags` (`job_id`, `tag_id`) VALUES (30, 30);
INSERT INTO `JobsTags` (`job_id`, `tag_id`) VALUES (31, 31);
INSERT INTO `JobsTags` (`job_id`, `tag_id`) VALUES (32, 32);
INSERT INTO `JobsTags` (`job_id`, `tag_id`) VALUES (33, 33);
INSERT INTO `JobsTags` (`job_id`, `tag_id`) VALUES (34, 34);
INSERT INTO `JobsTags` (`job_id`, `tag_id`) VALUES (35, 35);
INSERT INTO `JobsTags` (`job_id`, `tag_id`) VALUES (36, 36);
INSERT INTO `JobsTags` (`job_id`, `tag_id`) VALUES (37, 37);
INSERT INTO `JobsTags` (`job_id`, `tag_id`) VALUES (38, 38);
INSERT INTO `JobsTags` (`job_id`, `tag_id`) VALUES (39, 39);
INSERT INTO `JobsTags` (`job_id`, `tag_id`) VALUES (40, 40);
INSERT INTO `JobsTags` (`job_id`, `tag_id`) VALUES (41, 41);
INSERT INTO `JobsTags` (`job_id`, `tag_id`) VALUES (42, 42);
INSERT INTO `JobsTags` (`job_id`, `tag_id`) VALUES (43, 43);
INSERT INTO `JobsTags` (`job_id`, `tag_id`) VALUES (44, 44);
INSERT INTO `JobsTags` (`job_id`, `tag_id`) VALUES (45, 45);
INSERT INTO `JobsTags` (`job_id`, `tag_id`) VALUES (46, 46);
INSERT INTO `JobsTags` (`job_id`, `tag_id`) VALUES (47, 47);
INSERT INTO `JobsTags` (`job_id`, `tag_id`) VALUES (48, 48);
INSERT INTO `JobsTags` (`job_id`, `tag_id`) VALUES (49, 49);
INSERT INTO `JobsTags` (`job_id`, `tag_id`) VALUES (50, 50);
INSERT INTO `JobsTags` (`job_id`, `tag_id`) VALUES (51, 51);
INSERT INTO `JobsTags` (`job_id`, `tag_id`) VALUES (52, 52);
INSERT INTO `JobsTags` (`job_id`, `tag_id`) VALUES (53, 53);
INSERT INTO `JobsTags` (`job_id`, `tag_id`) VALUES (54, 54);
INSERT INTO `JobsTags` (`job_id`, `tag_id`) VALUES (55, 55);
INSERT INTO `JobsTags` (`job_id`, `tag_id`) VALUES (56, 56);
INSERT INTO `JobsTags` (`job_id`, `tag_id`) VALUES (57, 57);
INSERT INTO `JobsTags` (`job_id`, `tag_id`) VALUES (58, 58);
INSERT INTO `JobsTags` (`job_id`, `tag_id`) VALUES (59, 59);
INSERT INTO `JobsTags` (`job_id`, `tag_id`) VALUES (60, 60);
INSERT INTO `JobsTags` (`job_id`, `tag_id`) VALUES (61, 61);
INSERT INTO `JobsTags` (`job_id`, `tag_id`) VALUES (62, 62);
INSERT INTO `JobsTags` (`job_id`, `tag_id`) VALUES (63, 63);
INSERT INTO `JobsTags` (`job_id`, `tag_id`) VALUES (64, 64);
INSERT INTO `JobsTags` (`job_id`, `tag_id`) VALUES (65, 65);
INSERT INTO `JobsTags` (`job_id`, `tag_id`) VALUES (66, 66);
INSERT INTO `JobsTags` (`job_id`, `tag_id`) VALUES (67, 67);
INSERT INTO `JobsTags` (`job_id`, `tag_id`) VALUES (68, 68);
INSERT INTO `JobsTags` (`job_id`, `tag_id`) VALUES (69, 69);
INSERT INTO `JobsTags` (`job_id`, `tag_id`) VALUES (70, 70);
INSERT INTO `JobsTags` (`job_id`, `tag_id`) VALUES (71, 71);
INSERT INTO `JobsTags` (`job_id`, `tag_id`) VALUES (72, 72);
INSERT INTO `JobsTags` (`job_id`, `tag_id`) VALUES (73, 73);
INSERT INTO `JobsTags` (`job_id`, `tag_id`) VALUES (74, 74);
INSERT INTO `JobsTags` (`job_id`, `tag_id`) VALUES (75, 75);
INSERT INTO `JobsTags` (`job_id`, `tag_id`) VALUES (76, 76);
INSERT INTO `JobsTags` (`job_id`, `tag_id`) VALUES (77, 77);
INSERT INTO `JobsTags` (`job_id`, `tag_id`) VALUES (78, 78);
INSERT INTO `JobsTags` (`job_id`, `tag_id`) VALUES (79, 79);
INSERT INTO `JobsTags` (`job_id`, `tag_id`) VALUES (80, 80);
INSERT INTO `JobsTags` (`job_id`, `tag_id`) VALUES (81, 81);
INSERT INTO `JobsTags` (`job_id`, `tag_id`) VALUES (82, 82);
INSERT INTO `JobsTags` (`job_id`, `tag_id`) VALUES (83, 83);
INSERT INTO `JobsTags` (`job_id`, `tag_id`) VALUES (84, 84);
INSERT INTO `JobsTags` (`job_id`, `tag_id`) VALUES (85, 85);
INSERT INTO `JobsTags` (`job_id`, `tag_id`) VALUES (86, 86);
INSERT INTO `JobsTags` (`job_id`, `tag_id`) VALUES (87, 87);
INSERT INTO `JobsTags` (`job_id`, `tag_id`) VALUES (88, 88);
INSERT INTO `JobsTags` (`job_id`, `tag_id`) VALUES (89, 89);
INSERT INTO `JobsTags` (`job_id`, `tag_id`) VALUES (90, 90);
INSERT INTO `JobsTags` (`job_id`, `tag_id`) VALUES (91, 91);
INSERT INTO `JobsTags` (`job_id`, `tag_id`) VALUES (92, 92);
INSERT INTO `JobsTags` (`job_id`, `tag_id`) VALUES (93, 93);
INSERT INTO `JobsTags` (`job_id`, `tag_id`) VALUES (94, 94);
INSERT INTO `JobsTags` (`job_id`, `tag_id`) VALUES (95, 95);
INSERT INTO `JobsTags` (`job_id`, `tag_id`) VALUES (96, 96);
INSERT INTO `JobsTags` (`job_id`, `tag_id`) VALUES (97, 97);
INSERT INTO `JobsTags` (`job_id`, `tag_id`) VALUES (98, 98);
INSERT INTO `JobsTags` (`job_id`, `tag_id`) VALUES (99, 99);
INSERT INTO `JobsTags` (`job_id`, `tag_id`) VALUES (100, 100);


INSERT INTO `Tags` (`id`, `name`) VALUES (1, 'voluptate');
INSERT INTO `Tags` (`id`, `name`) VALUES (2, 'assumenda');
INSERT INTO `Tags` (`id`, `name`) VALUES (3, 'cumque');
INSERT INTO `Tags` (`id`, `name`) VALUES (4, 'id');
INSERT INTO `Tags` (`id`, `name`) VALUES (5, 'eum');
INSERT INTO `Tags` (`id`, `name`) VALUES (6, 'eaque');
INSERT INTO `Tags` (`id`, `name`) VALUES (7, 'expedita');
INSERT INTO `Tags` (`id`, `name`) VALUES (8, 'exercitationem');
INSERT INTO `Tags` (`id`, `name`) VALUES (9, 'ab');
INSERT INTO `Tags` (`id`, `name`) VALUES (10, 'animi');
INSERT INTO `Tags` (`id`, `name`) VALUES (11, 'voluptatem');
INSERT INTO `Tags` (`id`, `name`) VALUES (12, 'eum');
INSERT INTO `Tags` (`id`, `name`) VALUES (13, 'voluptatibus');
INSERT INTO `Tags` (`id`, `name`) VALUES (14, 'et');
INSERT INTO `Tags` (`id`, `name`) VALUES (15, 'sunt');
INSERT INTO `Tags` (`id`, `name`) VALUES (16, 'quis');
INSERT INTO `Tags` (`id`, `name`) VALUES (17, 'expedita');
INSERT INTO `Tags` (`id`, `name`) VALUES (18, 'illum');
INSERT INTO `Tags` (`id`, `name`) VALUES (19, 'illo');
INSERT INTO `Tags` (`id`, `name`) VALUES (20, 'dolorem');
INSERT INTO `Tags` (`id`, `name`) VALUES (21, 'possimus');
INSERT INTO `Tags` (`id`, `name`) VALUES (22, 'optio');
INSERT INTO `Tags` (`id`, `name`) VALUES (23, 'a');
INSERT INTO `Tags` (`id`, `name`) VALUES (24, 'id');
INSERT INTO `Tags` (`id`, `name`) VALUES (25, 'ullam');
INSERT INTO `Tags` (`id`, `name`) VALUES (26, 'laudantium');
INSERT INTO `Tags` (`id`, `name`) VALUES (27, 'dicta');
INSERT INTO `Tags` (`id`, `name`) VALUES (28, 'esse');
INSERT INTO `Tags` (`id`, `name`) VALUES (29, 'soluta');
INSERT INTO `Tags` (`id`, `name`) VALUES (30, 'maxime');
INSERT INTO `Tags` (`id`, `name`) VALUES (31, 'ex');
INSERT INTO `Tags` (`id`, `name`) VALUES (32, 'modi');
INSERT INTO `Tags` (`id`, `name`) VALUES (33, 'in');
INSERT INTO `Tags` (`id`, `name`) VALUES (34, 'et');
INSERT INTO `Tags` (`id`, `name`) VALUES (35, 'quia');
INSERT INTO `Tags` (`id`, `name`) VALUES (36, 'blanditiis');
INSERT INTO `Tags` (`id`, `name`) VALUES (37, 'magni');
INSERT INTO `Tags` (`id`, `name`) VALUES (38, 'quia');
INSERT INTO `Tags` (`id`, `name`) VALUES (39, 'sunt');
INSERT INTO `Tags` (`id`, `name`) VALUES (40, 'et');
INSERT INTO `Tags` (`id`, `name`) VALUES (41, 'earum');
INSERT INTO `Tags` (`id`, `name`) VALUES (42, 'omnis');
INSERT INTO `Tags` (`id`, `name`) VALUES (43, 'perspiciatis');
INSERT INTO `Tags` (`id`, `name`) VALUES (44, 'consequatur');
INSERT INTO `Tags` (`id`, `name`) VALUES (45, 'molestias');
INSERT INTO `Tags` (`id`, `name`) VALUES (46, 'rem');
INSERT INTO `Tags` (`id`, `name`) VALUES (47, 'occaecati');
INSERT INTO `Tags` (`id`, `name`) VALUES (48, 'quis');
INSERT INTO `Tags` (`id`, `name`) VALUES (49, 'incidunt');
INSERT INTO `Tags` (`id`, `name`) VALUES (50, 'est');
INSERT INTO `Tags` (`id`, `name`) VALUES (51, 'dolor');
INSERT INTO `Tags` (`id`, `name`) VALUES (52, 'nam');
INSERT INTO `Tags` (`id`, `name`) VALUES (53, 'sit');
INSERT INTO `Tags` (`id`, `name`) VALUES (54, 'et');
INSERT INTO `Tags` (`id`, `name`) VALUES (55, 'nam');
INSERT INTO `Tags` (`id`, `name`) VALUES (56, 'et');
INSERT INTO `Tags` (`id`, `name`) VALUES (57, 'amet');
INSERT INTO `Tags` (`id`, `name`) VALUES (58, 'consequatur');
INSERT INTO `Tags` (`id`, `name`) VALUES (59, 'officia');
INSERT INTO `Tags` (`id`, `name`) VALUES (60, 'nihil');
INSERT INTO `Tags` (`id`, `name`) VALUES (61, 'illo');
INSERT INTO `Tags` (`id`, `name`) VALUES (62, 'quasi');
INSERT INTO `Tags` (`id`, `name`) VALUES (63, 'quo');
INSERT INTO `Tags` (`id`, `name`) VALUES (64, 'earum');
INSERT INTO `Tags` (`id`, `name`) VALUES (65, 'libero');
INSERT INTO `Tags` (`id`, `name`) VALUES (66, 'odio');
INSERT INTO `Tags` (`id`, `name`) VALUES (67, 'cumque');
INSERT INTO `Tags` (`id`, `name`) VALUES (68, 'vel');
INSERT INTO `Tags` (`id`, `name`) VALUES (69, 'cum');
INSERT INTO `Tags` (`id`, `name`) VALUES (70, 'quia');
INSERT INTO `Tags` (`id`, `name`) VALUES (71, 'eos');
INSERT INTO `Tags` (`id`, `name`) VALUES (72, 'hic');
INSERT INTO `Tags` (`id`, `name`) VALUES (73, 'est');
INSERT INTO `Tags` (`id`, `name`) VALUES (74, 'repellat');
INSERT INTO `Tags` (`id`, `name`) VALUES (75, 'neque');
INSERT INTO `Tags` (`id`, `name`) VALUES (76, 'eligendi');
INSERT INTO `Tags` (`id`, `name`) VALUES (77, 'aperiam');
INSERT INTO `Tags` (`id`, `name`) VALUES (78, 'voluptate');
INSERT INTO `Tags` (`id`, `name`) VALUES (79, 'qui');
INSERT INTO `Tags` (`id`, `name`) VALUES (80, 'et');
INSERT INTO `Tags` (`id`, `name`) VALUES (81, 'aut');
INSERT INTO `Tags` (`id`, `name`) VALUES (82, 'qui');
INSERT INTO `Tags` (`id`, `name`) VALUES (83, 'praesentium');
INSERT INTO `Tags` (`id`, `name`) VALUES (84, 'adipisci');
INSERT INTO `Tags` (`id`, `name`) VALUES (85, 'adipisci');
INSERT INTO `Tags` (`id`, `name`) VALUES (86, 'nemo');
INSERT INTO `Tags` (`id`, `name`) VALUES (87, 'consequuntur');
INSERT INTO `Tags` (`id`, `name`) VALUES (88, 'eaque');
INSERT INTO `Tags` (`id`, `name`) VALUES (89, 'fugiat');
INSERT INTO `Tags` (`id`, `name`) VALUES (90, 'explicabo');
INSERT INTO `Tags` (`id`, `name`) VALUES (91, 'nihil');
INSERT INTO `Tags` (`id`, `name`) VALUES (92, 'fugit');
INSERT INTO `Tags` (`id`, `name`) VALUES (93, 'repellendus');
INSERT INTO `Tags` (`id`, `name`) VALUES (94, 'ratione');
INSERT INTO `Tags` (`id`, `name`) VALUES (95, 'reiciendis');
INSERT INTO `Tags` (`id`, `name`) VALUES (96, 'dolor');
INSERT INTO `Tags` (`id`, `name`) VALUES (97, 'explicabo');
INSERT INTO `Tags` (`id`, `name`) VALUES (98, 'sunt');
INSERT INTO `Tags` (`id`, `name`) VALUES (99, 'dolore');
INSERT INTO `Tags` (`id`, `name`) VALUES (100, 'voluptas');



INSERT INTO `Users` (`id`, `type`, `username`, `password`, `email`, `address_id`) VALUES (1, NULL, 'towne.elinore', 'ad793a9ae813901388b33883e52f5a977569cd51', 'fatima.kerluke@example.net', 1);
INSERT INTO `Users` (`id`, `type`, `username`, `password`, `email`, `address_id`) VALUES (2, NULL, 'kamille.rogahn', '170ed02fb66bfa2fe7582d37a98892ccb235aa1d', 'georgette.gutmann@example.com', 2);
INSERT INTO `Users` (`id`, `type`, `username`, `password`, `email`, `address_id`) VALUES (3, NULL, 'cronin.mercedes', 'a80202264771605a9d45691ccd45d8b61838df19', 'cronin.ollie@example.net', 3);
INSERT INTO `Users` (`id`, `type`, `username`, `password`, `email`, `address_id`) VALUES (4, NULL, 'laurine.metz', 'f276386c3f553fa34cf7b62461a2cf69a212cf87', 'derrick.kemmer@example.net', 4);
INSERT INTO `Users` (`id`, `type`, `username`, `password`, `email`, `address_id`) VALUES (5, NULL, 'jsteuber', 'e39826379123983a42fc5ab77232ff349ed51642', 'fahey.wilhelm@example.net', 5);
INSERT INTO `Users` (`id`, `type`, `username`, `password`, `email`, `address_id`) VALUES (6, NULL, 'trevor57', 'b7b9d18c0fc14e1f390bccf2e0cb4bf28661cf6d', 'tremblay.arvilla@example.com', 6);
INSERT INTO `Users` (`id`, `type`, `username`, `password`, `email`, `address_id`) VALUES (7, NULL, 'piper.ortiz', 'b577eb07ab144b6dfaed2aa240045bdaf5346b5b', 'tyrique15@example.org', 7);
INSERT INTO `Users` (`id`, `type`, `username`, `password`, `email`, `address_id`) VALUES (8, NULL, 'terrill06', '38e73cdb528419ee5d09e834a2cfca52237986e8', 'dickens.nils@example.net', 8);
INSERT INTO `Users` (`id`, `type`, `username`, `password`, `email`, `address_id`) VALUES (9, NULL, 'kstehr', 'ef4fa0bdbbf60f5f0cad6093807bcc36378aa137', 'dprice@example.com', 9);
INSERT INTO `Users` (`id`, `type`, `username`, `password`, `email`, `address_id`) VALUES (10, NULL, 'drake.torp', '524d0b0b5f4c74fb439412e52313e13eb36d76c1', 'virginie93@example.org', 10);
INSERT INTO `Users` (`id`, `type`, `username`, `password`, `email`, `address_id`) VALUES (11, NULL, 'noemy.hills', '58c4934ce12b0d0311064a7aa35ab105e3386173', 'santino.larson@example.org', 11);
INSERT INTO `Users` (`id`, `type`, `username`, `password`, `email`, `address_id`) VALUES (12, NULL, 'alex18', '7b887a92a5d50a3a55ea644f21b3a83d94d450fd', 'dmertz@example.org', 12);
INSERT INTO `Users` (`id`, `type`, `username`, `password`, `email`, `address_id`) VALUES (13, NULL, 'romaguera.izaiah', 'dbab2988c7d87a2b8193539abcad98e354ccaa83', 'wschulist@example.com', 13);
INSERT INTO `Users` (`id`, `type`, `username`, `password`, `email`, `address_id`) VALUES (14, NULL, 'dixie41', '2ef68a40ef5de4fe5f8aa02ecf94cb5504907150', 'wolff.tomasa@example.net', 14);
INSERT INTO `Users` (`id`, `type`, `username`, `password`, `email`, `address_id`) VALUES (15, NULL, 'estelle.rath', '518252672a081775b2d4d55d65e61780b2fa5410', 'zbaumbach@example.net', 15);
INSERT INTO `Users` (`id`, `type`, `username`, `password`, `email`, `address_id`) VALUES (16, NULL, 'deon02', '980f9465dc59791a3369c441842ef328b6158327', 'koch.emma@example.org', 16);
INSERT INTO `Users` (`id`, `type`, `username`, `password`, `email`, `address_id`) VALUES (17, NULL, 'hanna99', 'e2916302bb4565e54cf7983f2ec0785bacb88b68', 'emmerich.renee@example.org', 17);
INSERT INTO `Users` (`id`, `type`, `username`, `password`, `email`, `address_id`) VALUES (18, NULL, 'senger.bertha', '8553f4a5742d93cb54ba6c7c1ad49e70d9f30440', 'tracey02@example.org', 18);
INSERT INTO `Users` (`id`, `type`, `username`, `password`, `email`, `address_id`) VALUES (19, NULL, 'mkihn', 'f52526a3766bf05a27986a15d9eaa1c8c7477c4d', 'jacquelyn.walter@example.org', 19);
INSERT INTO `Users` (`id`, `type`, `username`, `password`, `email`, `address_id`) VALUES (20, NULL, 'carter.schaden', '27140af04dd0398f4bf937571cf15851118450e0', 'frice@example.org', 20);
INSERT INTO `Users` (`id`, `type`, `username`, `password`, `email`, `address_id`) VALUES (21, NULL, 'may95', '18d7537f6cad4285ca366657b1ccd691312efc5b', 'taylor.zemlak@example.com', 21);
INSERT INTO `Users` (`id`, `type`, `username`, `password`, `email`, `address_id`) VALUES (22, NULL, 'haley.darrell', '4a53bbb5f45ed4f41bb312e4896c47d3ac2975d1', 'wolff.fabian@example.com', 22);
INSERT INTO `Users` (`id`, `type`, `username`, `password`, `email`, `address_id`) VALUES (23, NULL, 'cmarks', 'e41f37968c4031fd7611e921bce11e064b270a68', 'wilderman.kip@example.net', 23);
INSERT INTO `Users` (`id`, `type`, `username`, `password`, `email`, `address_id`) VALUES (24, NULL, 'fkreiger', '58d7035dbe5b28373bc0090ecdcf808ce0231ca7', 'beer.shanelle@example.net', 24);
INSERT INTO `Users` (`id`, `type`, `username`, `password`, `email`, `address_id`) VALUES (25, NULL, 'michele57', 'f1409c73759fb5a2cb07faa460901ee3551f5a69', 'modesta.veum@example.net', 25);
INSERT INTO `Users` (`id`, `type`, `username`, `password`, `email`, `address_id`) VALUES (26, NULL, 'jerad.thompson', '3129182d4c8ba0017a03458ddf651d1bb050e7fa', 'bwolff@example.org', 26);
INSERT INTO `Users` (`id`, `type`, `username`, `password`, `email`, `address_id`) VALUES (27, NULL, 'rabshire', 'fa9243a6745713c4e59bc01c8496e0819c16f513', 'zola.heaney@example.net', 27);
INSERT INTO `Users` (`id`, `type`, `username`, `password`, `email`, `address_id`) VALUES (28, NULL, 'hoppe.mable', 'b4238429b9d8b19c4ce922939290dedbb66132b3', 'towne.marta@example.org', 28);
INSERT INTO `Users` (`id`, `type`, `username`, `password`, `email`, `address_id`) VALUES (29, NULL, 'egibson', '80aeb113b95e92bec38c8352daf87dc6da2f6672', 'tremaine.cruickshank@example.com', 29);
INSERT INTO `Users` (`id`, `type`, `username`, `password`, `email`, `address_id`) VALUES (30, NULL, 'eveline15', '5632a32f56deb90b49591c7aee887525cd5551db', 'evert.paucek@example.org', 30);
INSERT INTO `Users` (`id`, `type`, `username`, `password`, `email`, `address_id`) VALUES (31, NULL, 'mitchell.larue', 'ba110db3d830cd6fb3eedf091dde650cda3c54ab', 'jdouglas@example.com', 31);
INSERT INTO `Users` (`id`, `type`, `username`, `password`, `email`, `address_id`) VALUES (32, NULL, 'laury08', '407512c2155ab1a28ace75b5995c9fa620b78292', 'rgreen@example.org', 32);
INSERT INTO `Users` (`id`, `type`, `username`, `password`, `email`, `address_id`) VALUES (33, NULL, 'conor.walter', '82ec4c4c62553db3adad046b822762c6fec2ce45', 'okuneva.elna@example.net', 33);
INSERT INTO `Users` (`id`, `type`, `username`, `password`, `email`, `address_id`) VALUES (34, NULL, 'kmitchell', '13a27bf63b29506550f4bb2179ee69e01d446bf9', 'udeckow@example.org', 34);
INSERT INTO `Users` (`id`, `type`, `username`, `password`, `email`, `address_id`) VALUES (35, NULL, 'carroll13', 'fac2b37e9ae13a09bfcb47631a3d2527107815b8', 'annamarie59@example.org', 35);
INSERT INTO `Users` (`id`, `type`, `username`, `password`, `email`, `address_id`) VALUES (36, NULL, 'taylor73', 'b2baf3e1a9441bd8d2b01c6fc0132e9499a7a0aa', 'hobart62@example.org', 36);
INSERT INTO `Users` (`id`, `type`, `username`, `password`, `email`, `address_id`) VALUES (37, NULL, 'o\'connell.deshaun', '2693d03c3cc653f8fd7a484c5fe8af6d4f027a11', 'conn.loyal@example.net', 37);
INSERT INTO `Users` (`id`, `type`, `username`, `password`, `email`, `address_id`) VALUES (38, NULL, 'johnson14', '4b32b9957978ff518c8e5a4291c0a1c9d72cb60e', 'bethel85@example.org', 38);
INSERT INTO `Users` (`id`, `type`, `username`, `password`, `email`, `address_id`) VALUES (39, NULL, 'daphnee58', '2686c74d2079ef869137bfda77d3d827471129c9', 'brenden.halvorson@example.org', 39);
INSERT INTO `Users` (`id`, `type`, `username`, `password`, `email`, `address_id`) VALUES (40, NULL, 'hertha.bayer', '48ed650860a4dd5407f313f3d3f3f0d57c661921', 'edyth.witting@example.com', 40);
INSERT INTO `Users` (`id`, `type`, `username`, `password`, `email`, `address_id`) VALUES (41, NULL, 'ellie64', '93c4e10b0de5b8f17fb762e200f18cc8ebd6f41c', 'dosinski@example.net', 41);
INSERT INTO `Users` (`id`, `type`, `username`, `password`, `email`, `address_id`) VALUES (42, NULL, 'robbie.purdy', '3cc6115ea69adfe07e59b28912c591457359f954', 'ybosco@example.org', 42);
INSERT INTO `Users` (`id`, `type`, `username`, `password`, `email`, `address_id`) VALUES (43, NULL, 'ihettinger', '08ad05a02bcc82ae1822af0b03bde2e6656f1cb1', 'bella.reichert@example.org', 43);
INSERT INTO `Users` (`id`, `type`, `username`, `password`, `email`, `address_id`) VALUES (44, NULL, 'aron33', '2e0d11e4c8024e891e546718468d33a11d54c28e', 'hanna.stanton@example.org', 44);
INSERT INTO `Users` (`id`, `type`, `username`, `password`, `email`, `address_id`) VALUES (45, NULL, 'roberts.doris', '56a302ebb2a97756006eb6140af29897ba369353', 'wolf.grant@example.net', 45);
INSERT INTO `Users` (`id`, `type`, `username`, `password`, `email`, `address_id`) VALUES (46, NULL, 'virgie13', '1bed6aef4d55b21ad52ed9cec0e0c884bbbc2e31', 'chelsea81@example.com', 46);
INSERT INTO `Users` (`id`, `type`, `username`, `password`, `email`, `address_id`) VALUES (47, NULL, 'nlynch', '4409b0cf27275c511952910e4e5979a531e83470', 'hchamplin@example.com', 47);
INSERT INTO `Users` (`id`, `type`, `username`, `password`, `email`, `address_id`) VALUES (48, NULL, 'lueilwitz.korbin', '3bc7e596b9fb042fad8b2835cfd69c73ae95aa0b', 'mchristiansen@example.org', 48);
INSERT INTO `Users` (`id`, `type`, `username`, `password`, `email`, `address_id`) VALUES (49, NULL, 'vsawayn', '378f1292b1c7a95b0ee90788b92556f536aa0d2a', 'ddavis@example.org', 49);
INSERT INTO `Users` (`id`, `type`, `username`, `password`, `email`, `address_id`) VALUES (50, NULL, 'hsmitham', '0a9fd3924f5210c881ea64cf671d158f2877bcfb', 'zdouglas@example.org', 50);
INSERT INTO `Users` (`id`, `type`, `username`, `password`, `email`, `address_id`) VALUES (51, NULL, 'myah.cummings', '89011b53793a6041125322f0b05c611fafaa6df7', 'nils.dicki@example.org', 51);
INSERT INTO `Users` (`id`, `type`, `username`, `password`, `email`, `address_id`) VALUES (52, NULL, 'mparisian', '1d212b1fd4ceacfac17e932ca160b55add0119f0', 'gerda.jenkins@example.org', 52);
INSERT INTO `Users` (`id`, `type`, `username`, `password`, `email`, `address_id`) VALUES (53, NULL, 'arely.will', '2c91e3d98fcf409a8dcf568a63df4efd0c638419', 'nienow.astrid@example.com', 53);
INSERT INTO `Users` (`id`, `type`, `username`, `password`, `email`, `address_id`) VALUES (54, NULL, 'maggio.columbus', 'c0bcc7cdb391161a22712133707f20a05503ef7e', 'haskell.nicolas@example.org', 54);
INSERT INTO `Users` (`id`, `type`, `username`, `password`, `email`, `address_id`) VALUES (55, NULL, 'gvon', '6e047aa02d81d58c6ed55358e0f04cfd5cf15e50', 'andrew88@example.org', 55);
INSERT INTO `Users` (`id`, `type`, `username`, `password`, `email`, `address_id`) VALUES (56, NULL, 'lexie29', '1149aa20b541864bd85fc94e646598b9f7016a21', 'mschultz@example.org', 56);
INSERT INTO `Users` (`id`, `type`, `username`, `password`, `email`, `address_id`) VALUES (57, NULL, 'fay.ona', 'e720ab7ccb84483afcc7e67f40ecf535c8b7ea6d', 'ernestina.davis@example.com', 57);
INSERT INTO `Users` (`id`, `type`, `username`, `password`, `email`, `address_id`) VALUES (58, NULL, 'zmertz', '17e684d43ef58b19ebfee853664e41d55b3beebc', 'aufderhar.jermain@example.net', 58);
INSERT INTO `Users` (`id`, `type`, `username`, `password`, `email`, `address_id`) VALUES (59, NULL, 'sheridan.farrell', 'f6500c0a50f8db238404522a79d681399913ac15', 'tkuphal@example.org', 59);
INSERT INTO `Users` (`id`, `type`, `username`, `password`, `email`, `address_id`) VALUES (60, NULL, 'borer.vickie', '45a33f05a1b1a0c239a106ce70c0feb580b0e3a6', 'wendy84@example.net', 60);
INSERT INTO `Users` (`id`, `type`, `username`, `password`, `email`, `address_id`) VALUES (61, NULL, 'toy.ora', 'a5e223a54c5f2e474d1d76868cf922dac8c538fe', 'stanton.shemar@example.org', 61);
INSERT INTO `Users` (`id`, `type`, `username`, `password`, `email`, `address_id`) VALUES (62, NULL, 'mokuneva', '3d178f33567df492142e792ff7ac92ad7854721c', 'thurman.sipes@example.com', 62);
INSERT INTO `Users` (`id`, `type`, `username`, `password`, `email`, `address_id`) VALUES (63, NULL, 'erunolfsson', '7e37ddffb97746e450d09cf4911f186eae76c93e', 'thaddeus.schroeder@example.com', 63);
INSERT INTO `Users` (`id`, `type`, `username`, `password`, `email`, `address_id`) VALUES (64, NULL, 'olind', 'c4e11f7f768f0de90bc14b54f8e7ef2138faae0b', 'haley.donnie@example.net', 64);
INSERT INTO `Users` (`id`, `type`, `username`, `password`, `email`, `address_id`) VALUES (65, NULL, 'caltenwerth', 'effff7974274e4d2ee881e2bc453270e62083528', 'alvina72@example.org', 65);
INSERT INTO `Users` (`id`, `type`, `username`, `password`, `email`, `address_id`) VALUES (66, NULL, 'ckozey', 'f5d9edaff45e94118acab1db15119594cab2f7d9', 'rohan.malcolm@example.com', 66);
INSERT INTO `Users` (`id`, `type`, `username`, `password`, `email`, `address_id`) VALUES (67, NULL, 'icie30', '53a61a52c00a9f5b2c14bf6b4a35abdac13fdf25', 'keebler.kellen@example.org', 67);
INSERT INTO `Users` (`id`, `type`, `username`, `password`, `email`, `address_id`) VALUES (68, NULL, 'juliet.ullrich', '075431e5f9e0b3a486ef86eaae7244a3d8e8642d', 'hreichel@example.org', 68);
INSERT INTO `Users` (`id`, `type`, `username`, `password`, `email`, `address_id`) VALUES (69, NULL, 'rau.francis', '76d0ec382c2ec569426376ee9bff1904374381d9', 'rory.swift@example.net', 69);
INSERT INTO `Users` (`id`, `type`, `username`, `password`, `email`, `address_id`) VALUES (70, NULL, 'hiram65', '3fd467ba4160a1cc59e2e3f149e70fd3c2e1e491', 'ocrona@example.com', 70);
INSERT INTO `Users` (`id`, `type`, `username`, `password`, `email`, `address_id`) VALUES (71, NULL, 'sharon.senger', '2c00b4152e18ce4cf24cf2f30a4970bf673d6d06', 'schmidt.katlynn@example.org', 71);
INSERT INTO `Users` (`id`, `type`, `username`, `password`, `email`, `address_id`) VALUES (72, NULL, 'samson.zboncak', '6b60082d61a48a4aa472070340621beed161dfae', 'nya.spinka@example.net', 72);
INSERT INTO `Users` (`id`, `type`, `username`, `password`, `email`, `address_id`) VALUES (73, NULL, 'addison41', '246a5000e6f0047c96c01b1f48c915c74f40af7b', 'hrowe@example.com', 73);
INSERT INTO `Users` (`id`, `type`, `username`, `password`, `email`, `address_id`) VALUES (74, NULL, 'lula.sporer', '24029aa77b88dad369baccbc79148a59b3470ad4', 'ghackett@example.com', 74);
INSERT INTO `Users` (`id`, `type`, `username`, `password`, `email`, `address_id`) VALUES (75, NULL, 'london.rogahn', 'a4064ae20134d58aaade11f36f55857b308a82d7', 'nona49@example.net', 75);
INSERT INTO `Users` (`id`, `type`, `username`, `password`, `email`, `address_id`) VALUES (76, NULL, 'jacobson.shanelle', '66fbe88c18cea58f811371af54de33c1e44138de', 'mattie.lynch@example.net', 76);
INSERT INTO `Users` (`id`, `type`, `username`, `password`, `email`, `address_id`) VALUES (77, NULL, 'gerda68', '79996a96221ac0abe31734535402af052079f51d', 'ywalker@example.org', 77);
INSERT INTO `Users` (`id`, `type`, `username`, `password`, `email`, `address_id`) VALUES (78, NULL, 'wilhelmine.waelchi', 'b2308a70512c675ef328319a66b546c4a09be0f6', 'zachery60@example.org', 78);
INSERT INTO `Users` (`id`, `type`, `username`, `password`, `email`, `address_id`) VALUES (79, NULL, 'coberbrunner', '94132ed34590db11c593103688e96d39b47ddfbb', 'clifford.satterfield@example.org', 79);
INSERT INTO `Users` (`id`, `type`, `username`, `password`, `email`, `address_id`) VALUES (80, NULL, 'upredovic', '36af5edc6772b7d38c402b0cef96a227e69c8368', 'finn.turner@example.net', 80);
INSERT INTO `Users` (`id`, `type`, `username`, `password`, `email`, `address_id`) VALUES (81, NULL, 'twaelchi', '135276a80ec1e4b919d95faaf08cef9d0ae3938f', 'blick.terrance@example.com', 81);
INSERT INTO `Users` (`id`, `type`, `username`, `password`, `email`, `address_id`) VALUES (82, NULL, 'edmund.raynor', '8b674cd2c1908038c608fd34d5ab35cb23c42211', 'bertram95@example.org', 82);
INSERT INTO `Users` (`id`, `type`, `username`, `password`, `email`, `address_id`) VALUES (83, NULL, 'alaina.russel', 'fe2cd2725e30091879e562f531e14d7e94547e74', 'antonia.berge@example.com', 83);
INSERT INTO `Users` (`id`, `type`, `username`, `password`, `email`, `address_id`) VALUES (84, NULL, 'bcarroll', 'd310f8ed48507cfa230547558816f2599f98963b', 'karina10@example.com', 84);
INSERT INTO `Users` (`id`, `type`, `username`, `password`, `email`, `address_id`) VALUES (85, NULL, 'sylvia50', '17dd6b665db48df99e5628edcc3abef449c25b54', 'felix36@example.org', 85);
INSERT INTO `Users` (`id`, `type`, `username`, `password`, `email`, `address_id`) VALUES (86, NULL, 'strosin.nyah', '3c221e3aa37f39d02366207c2730cf930067dcf3', 'theodore.pfannerstill@example.net', 86);
INSERT INTO `Users` (`id`, `type`, `username`, `password`, `email`, `address_id`) VALUES (87, NULL, 'stone17', '3ad4e5e13b5d1fc7ae49a9755f3ea39d10e56636', 'rice.ocie@example.com', 87);
INSERT INTO `Users` (`id`, `type`, `username`, `password`, `email`, `address_id`) VALUES (88, NULL, 'mara32', '63f29bb0d510d98a72272554a49d306866793723', 'uhuel@example.com', 88);
INSERT INTO `Users` (`id`, `type`, `username`, `password`, `email`, `address_id`) VALUES (89, NULL, 'rita.ziemann', '0aa31486650b3f764775a15dbee90865eabcd069', 'wilfredo.bailey@example.org', 89);
INSERT INTO `Users` (`id`, `type`, `username`, `password`, `email`, `address_id`) VALUES (90, NULL, 'lonnie37', 'f75727f596e41e5dab4f59ad355070ce22cf8806', 'lela33@example.com', 90);
INSERT INTO `Users` (`id`, `type`, `username`, `password`, `email`, `address_id`) VALUES (91, NULL, 'van.prosacco', '31845049e9342b6a156931b71149ec44770f2d6a', 'whoppe@example.net', 91);
INSERT INTO `Users` (`id`, `type`, `username`, `password`, `email`, `address_id`) VALUES (92, NULL, 'tprice', 'b3917d7a561c02b9be1115e322ba7fec402a99df', 'eldred35@example.org', 92);
INSERT INTO `Users` (`id`, `type`, `username`, `password`, `email`, `address_id`) VALUES (93, NULL, 'mariana.ankunding', '2c9cbb9212698453130a5a134f2e73ea8f6fa28e', 'auer.lexi@example.net', 93);
INSERT INTO `Users` (`id`, `type`, `username`, `password`, `email`, `address_id`) VALUES (94, NULL, 'nikolas.champlin', 'b11c25f5942058479f97f3d6f34aab9d691c5aa1', 'rbradtke@example.org', 94);
INSERT INTO `Users` (`id`, `type`, `username`, `password`, `email`, `address_id`) VALUES (95, NULL, 'morgan89', 'bd60114b1dcad49ae87799c849a4b2c1d38f5cfb', 'lilian08@example.com', 95);
INSERT INTO `Users` (`id`, `type`, `username`, `password`, `email`, `address_id`) VALUES (96, NULL, 'mathew.marks', '40eb9da4326f996a77e799c4348191b4f1a1efe6', 'qheidenreich@example.org', 96);
INSERT INTO `Users` (`id`, `type`, `username`, `password`, `email`, `address_id`) VALUES (97, NULL, 'bcormier', '886d0e040cd704a1b593d6afd126adab041b7767', 'tobin.oberbrunner@example.com', 97);
INSERT INTO `Users` (`id`, `type`, `username`, `password`, `email`, `address_id`) VALUES (98, NULL, 'zjohnson', 'b2ee9d618543c2a75db30ae3ee49772da45a0731', 'nconroy@example.net', 98);
INSERT INTO `Users` (`id`, `type`, `username`, `password`, `email`, `address_id`) VALUES (99, NULL, 'eleffler', '5c18868412054e32c70d84f772b93150c6bbb79d', 'xwiza@example.com', 99);
INSERT INTO `Users` (`id`, `type`, `username`, `password`, `email`, `address_id`) VALUES (100, NULL, 'estelle.block', '6a9ea6411a7fd3c6511bd4f4961afb716b806510', 'benjamin55@example.com', 100);


insert into JobsTags (job_id, tag_id) values (1, 1);
insert into JobsTags (job_id, tag_id) values (1, 2);
insert into JobsTags (job_id, tag_id) values (1, 3);
insert into JobsTags (job_id, tag_id) values (1, 4);
insert into JobsTags (job_id, tag_id) values (1, 5);
insert into JobsTags (job_id, tag_id) values (2, 6);
insert into JobsTags (job_id, tag_id) values (2, 7);
insert into JobsTags (job_id, tag_id) values (8, 8);
insert into JobsTags (job_id, tag_id) values (9, 9);
insert into JobsTags (job_id, tag_id) values (9, 10);
insert into JobsTags (job_id, tag_id) values (9, 11);
insert into JobsTags (job_id, tag_id) values (12, 12);
insert into JobsTags (job_id, tag_id) values (13, 13);
insert into JobsTags (job_id, tag_id) values (14, 14);
insert into JobsTags (job_id, tag_id) values (15, 15);
insert into JobsTags (job_id, tag_id) values (16, 16);
insert into JobsTags (job_id, tag_id) values (17, 17);
insert into JobsTags (job_id, tag_id) values (18, 18);
insert into JobsTags (job_id, tag_id) values (19, 19);
insert into JobsTags (job_id, tag_id) values (20, 20);
insert into JobsTags (job_id, tag_id) values (21, 21);
insert into JobsTags (job_id, tag_id) values (22, 22);
insert into JobsTags (job_id, tag_id) values (23, 23);
insert into JobsTags (job_id, tag_id) values (24, 24);
insert into JobsTags (job_id, tag_id) values (25, 25);
insert into JobsTags (job_id, tag_id) values (26, 26);
insert into JobsTags (job_id, tag_id) values (27, 27);
insert into JobsTags (job_id, tag_id) values (28, 28);
insert into JobsTags (job_id, tag_id) values (29, 29);
insert into JobsTags (job_id, tag_id) values (30, 30);
insert into JobsTags (job_id, tag_id) values (31, 31);
insert into JobsTags (job_id, tag_id) values (32, 32);
insert into JobsTags (job_id, tag_id) values (33, 33);
insert into JobsTags (job_id, tag_id) values (34, 34);
insert into JobsTags (job_id, tag_id) values (35, 35);
insert into JobsTags (job_id, tag_id) values (36, 36);
insert into JobsTags (job_id, tag_id) values (37, 37);
insert into JobsTags (job_id, tag_id) values (38, 38);
insert into JobsTags (job_id, tag_id) values (39, 39);
insert into JobsTags (job_id, tag_id) values (40, 40);
insert into JobsTags (job_id, tag_id) values (41, 41);
insert into JobsTags (job_id, tag_id) values (42, 42);
insert into JobsTags (job_id, tag_id) values (43, 43);
insert into JobsTags (job_id, tag_id) values (44, 44);
insert into JobsTags (job_id, tag_id) values (45, 45);
insert into JobsTags (job_id, tag_id) values (46, 46);
insert into JobsTags (job_id, tag_id) values (47, 47);
insert into JobsTags (job_id, tag_id) values (48, 48);
insert into JobsTags (job_id, tag_id) values (49, 49);
insert into JobsTags (job_id, tag_id) values (50, 50);
insert into JobsTags (job_id, tag_id) values (51, 51);
insert into JobsTags (job_id, tag_id) values (52, 52);
insert into JobsTags (job_id, tag_id) values (53, 53);
insert into JobsTags (job_id, tag_id) values (54, 54);
insert into JobsTags (job_id, tag_id) values (55, 55);
insert into JobsTags (job_id, tag_id) values (56, 56);
insert into JobsTags (job_id, tag_id) values (57, 57);
insert into JobsTags (job_id, tag_id) values (58, 58);
insert into JobsTags (job_id, tag_id) values (59, 59);
insert into JobsTags (job_id, tag_id) values (60, 60);
insert into JobsTags (job_id, tag_id) values (61, 61);
insert into JobsTags (job_id, tag_id) values (62, 62);
insert into JobsTags (job_id, tag_id) values (63, 63);
insert into JobsTags (job_id, tag_id) values (64, 64);
insert into JobsTags (job_id, tag_id) values (65, 65);
insert into JobsTags (job_id, tag_id) values (66, 66);
insert into JobsTags (job_id, tag_id) values (67, 67);
insert into JobsTags (job_id, tag_id) values (68, 68);
insert into JobsTags (job_id, tag_id) values (69, 69);
insert into JobsTags (job_id, tag_id) values (70, 70);
insert into JobsTags (job_id, tag_id) values (71, 71);
insert into JobsTags (job_id, tag_id) values (72, 72);
insert into JobsTags (job_id, tag_id) values (73, 73);
insert into JobsTags (job_id, tag_id) values (74, 74);
insert into JobsTags (job_id, tag_id) values (75, 75);
insert into JobsTags (job_id, tag_id) values (76, 76);
insert into JobsTags (job_id, tag_id) values (77, 77);
insert into JobsTags (job_id, tag_id) values (78, 78);
insert into JobsTags (job_id, tag_id) values (79, 79);
insert into JobsTags (job_id, tag_id) values (80, 80);
insert into JobsTags (job_id, tag_id) values (81, 81);
insert into JobsTags (job_id, tag_id) values (82, 82);
insert into JobsTags (job_id, tag_id) values (83, 83);
insert into JobsTags (job_id, tag_id) values (84, 84);
insert into JobsTags (job_id, tag_id) values (85, 85);
insert into JobsTags (job_id, tag_id) values (86, 86);
insert into JobsTags (job_id, tag_id) values (87, 87);
insert into JobsTags (job_id, tag_id) values (88, 88);
insert into JobsTags (job_id, tag_id) values (89, 89);
insert into JobsTags (job_id, tag_id) values (90, 90);
insert into JobsTags (job_id, tag_id) values (91, 91);
insert into JobsTags (job_id, tag_id) values (92, 92);
insert into JobsTags (job_id, tag_id) values (93, 93);
insert into JobsTags (job_id, tag_id) values (94, 94);
insert into JobsTags (job_id, tag_id) values (95, 95);
insert into JobsTags (job_id, tag_id) values (96, 96);
insert into JobsTags (job_id, tag_id) values (97, 97);
insert into JobsTags (job_id, tag_id) values (98, 98);
insert into JobsTags (job_id, tag_id) values (99, 99);
insert into JobsTags (job_id, tag_id) values (100, 100);
UPDATE Jobs SET work_arrangement = 'Remote' WHERE ID = 1;
UPDATE Jobs SET work_arrangement = 'Hybrid' WHERE ID = 2;
UPDATE Jobs SET work_arrangement = 'Remote' WHERE ID = 3;
UPDATE Jobs SET work_arrangement = 'On site' WHERE ID = 4;
UPDATE Jobs SET work_arrangement = 'Remote' WHERE ID = 5;
UPDATE Jobs SET work_arrangement = 'Hybrid' WHERE ID = 6;
UPDATE Jobs SET work_arrangement = 'Remote' WHERE ID = 7;
UPDATE Jobs SET work_arrangement = 'Hybrid' WHERE ID = 8;
UPDATE Jobs SET work_arrangement = 'Remote' WHERE ID = 9;
UPDATE Jobs SET work_arrangement = 'Hybrid' WHERE ID = 10;
UPDATE Jobs SET work_arrangement = 'On site' WHERE ID = 11;
UPDATE Jobs SET work_arrangement = 'Hybrid' WHERE ID = 12;
UPDATE Jobs SET work_arrangement = 'On site' WHERE ID = 13;
UPDATE Jobs SET work_arrangement = 'Remote' WHERE ID = 14;
UPDATE Jobs SET work_arrangement = 'Remote' WHERE ID = 15;
UPDATE Jobs SET work_arrangement = 'Remote' WHERE ID = 16;
UPDATE Jobs SET work_arrangement = 'On site' WHERE ID = 17;
UPDATE Jobs SET work_arrangement = 'On site' WHERE ID = 18;
UPDATE Jobs SET work_arrangement = 'Hybrid' WHERE ID = 19;
UPDATE Jobs SET work_arrangement = 'Remote' WHERE ID = 20;
UPDATE Jobs SET work_arrangement = 'Hybrid' WHERE ID = 21;
UPDATE Jobs SET work_arrangement = 'On site' WHERE ID = 22;
UPDATE Jobs SET work_arrangement = 'Remote' WHERE ID = 23;
UPDATE Jobs SET work_arrangement = 'Remote' WHERE ID = 24;
UPDATE Jobs SET work_arrangement = 'Hybrid' WHERE ID = 25;
UPDATE Jobs SET work_arrangement = 'Remote' WHERE ID = 26;
UPDATE Jobs SET work_arrangement = 'Remote' WHERE ID = 27;
UPDATE Jobs SET work_arrangement = 'Remote' WHERE ID = 28;
UPDATE Jobs SET work_arrangement = 'Remote' WHERE ID = 29;
UPDATE Jobs SET work_arrangement = 'Remote' WHERE ID = 30;
UPDATE Jobs SET work_arrangement = 'Remote' WHERE ID = 31;
UPDATE Jobs SET work_arrangement = 'Hybrid' WHERE ID = 32;
UPDATE Jobs SET work_arrangement = 'Hybrid' WHERE ID = 33;
UPDATE Jobs SET work_arrangement = 'Hybrid' WHERE ID = 34;
UPDATE Jobs SET work_arrangement = 'Remote' WHERE ID = 35;
UPDATE Jobs SET work_arrangement = 'On site' WHERE ID = 36;
UPDATE Jobs SET work_arrangement = 'Hybrid' WHERE ID = 37;
UPDATE Jobs SET work_arrangement = 'Remote' WHERE ID = 38;
UPDATE Jobs SET work_arrangement = 'On site' WHERE ID = 39;
UPDATE Jobs SET work_arrangement = 'Remote' WHERE ID = 40;
UPDATE Jobs SET work_arrangement = 'Remote' WHERE ID = 41;
UPDATE Jobs SET work_arrangement = 'On site' WHERE ID = 42;
UPDATE Jobs SET work_arrangement = 'Hybrid' WHERE ID = 43;
UPDATE Jobs SET work_arrangement = 'Hybrid' WHERE ID = 44;
UPDATE Jobs SET work_arrangement = 'Hybrid' WHERE ID = 45;
UPDATE Jobs SET work_arrangement = 'Remote' WHERE ID = 46;
UPDATE Jobs SET work_arrangement = 'Hybrid' WHERE ID = 47;
UPDATE Jobs SET work_arrangement = 'Hybrid' WHERE ID = 48;
UPDATE Jobs SET work_arrangement = 'Hybrid' WHERE ID = 49;
UPDATE Jobs SET work_arrangement = 'On site' WHERE ID = 50;
UPDATE Jobs SET work_arrangement = 'On site' WHERE ID = 51;
UPDATE Jobs SET work_arrangement = 'Hybrid' WHERE ID = 52;
UPDATE Jobs SET work_arrangement = 'Hybrid' WHERE ID = 53;
UPDATE Jobs SET work_arrangement = 'On site' WHERE ID = 54;
UPDATE Jobs SET work_arrangement = 'Remote' WHERE ID = 55;
UPDATE Jobs SET work_arrangement = 'Hybrid' WHERE ID = 56;
UPDATE Jobs SET work_arrangement = 'Hybrid' WHERE ID = 57;
UPDATE Jobs SET work_arrangement = 'Remote' WHERE ID = 58;
UPDATE Jobs SET work_arrangement = 'Remote' WHERE ID = 59;
UPDATE Jobs SET work_arrangement = 'On site' WHERE ID = 60;
UPDATE Jobs SET work_arrangement = 'Hybrid' WHERE ID = 61;
UPDATE Jobs SET work_arrangement = 'Remote' WHERE ID = 62;
UPDATE Jobs SET work_arrangement = 'On site' WHERE ID = 63;
UPDATE Jobs SET work_arrangement = 'Remote' WHERE ID = 64;
UPDATE Jobs SET work_arrangement = 'Hybrid' WHERE ID = 65;
UPDATE Jobs SET work_arrangement = 'Remote' WHERE ID = 66;
UPDATE Jobs SET work_arrangement = 'Hybrid' WHERE ID = 67;
UPDATE Jobs SET work_arrangement = 'Remote' WHERE ID = 68;
UPDATE Jobs SET work_arrangement = 'Remote' WHERE ID = 69;
UPDATE Jobs SET work_arrangement = 'Hybrid' WHERE ID = 70;
UPDATE Jobs SET work_arrangement = 'Remote' WHERE ID = 71;
UPDATE Jobs SET work_arrangement = 'Remote' WHERE ID = 72;
UPDATE Jobs SET work_arrangement = 'Hybrid' WHERE ID = 73;
UPDATE Jobs SET work_arrangement = 'Remote' WHERE ID = 74;
UPDATE Jobs SET work_arrangement = 'On site' WHERE ID = 75;
UPDATE Jobs SET work_arrangement = 'Hybrid' WHERE ID = 76;
UPDATE Jobs SET work_arrangement = 'On site' WHERE ID = 77;
UPDATE Jobs SET work_arrangement = 'Remote' WHERE ID = 78;
UPDATE Jobs SET work_arrangement = 'On site' WHERE ID = 79;
UPDATE Jobs SET work_arrangement = 'Hybrid' WHERE ID = 80;
UPDATE Jobs SET work_arrangement = 'Hybrid' WHERE ID = 81;
UPDATE Jobs SET work_arrangement = 'Remote' WHERE ID = 82;
UPDATE Jobs SET work_arrangement = 'On site' WHERE ID = 83;
UPDATE Jobs SET work_arrangement = 'Remote' WHERE ID = 84;
UPDATE Jobs SET work_arrangement = 'Remote' WHERE ID = 85;
UPDATE Jobs SET work_arrangement = 'On site' WHERE ID = 86;
UPDATE Jobs SET work_arrangement = 'Hybrid' WHERE ID = 87;
UPDATE Jobs SET work_arrangement = 'Remote' WHERE ID = 88;
UPDATE Jobs SET work_arrangement = 'Hybrid' WHERE ID = 89;
UPDATE Jobs SET work_arrangement = 'Hybrid' WHERE ID = 90;
UPDATE Jobs SET work_arrangement = 'On site' WHERE ID = 91;
UPDATE Jobs SET work_arrangement = 'Remote' WHERE ID = 92;
UPDATE Jobs SET work_arrangement = 'On site' WHERE ID = 93;
UPDATE Jobs SET work_arrangement = 'On site' WHERE ID = 94;
UPDATE Jobs SET work_arrangement = 'Hybrid' WHERE ID = 95;
UPDATE Jobs SET work_arrangement = 'Remote' WHERE ID = 96;
UPDATE Jobs SET work_arrangement = 'Remote' WHERE ID = 97;
UPDATE Jobs SET work_arrangement = 'Remote' WHERE ID = 98;
UPDATE Jobs SET work_arrangement = 'Hybrid' WHERE ID = 99;